-- Seed Locations
INSERT INTO locations (location_id, name, phone, address, latitude, longitude)
VALUES
  ('550e8400-e29b-41d4-a716-446655440000', 'North University Clinic & Express Care', '(855) 481-8375', '3200 Red River St, Suite 201, Austin, TX 78705', 30.291653, -97.727390),
  ('550e8400-e29b-41d4-a716-446655440001', 'East Austin Clinic', '(855) 481-8375', '507 Calles St, #100, Austin, TX 78702', 30.258374, -97.712336),
  ('550e8400-e29b-41d4-a716-446655440002', 'North Central Clinic', '(855) 481-8375', '911 W 38th St, Suite 101, Austin, TX 78705', 30.304991, -97.743009),
  ('550e8400-e29b-41d4-a716-446655440003', 'Westlake Clinic', '(855) 481-8375', '500 N. Capital of Texas Hwy, Building 6, Suite 125, Austin, TX 78746', 30.308888, -97.827220),
  ('550e8400-e29b-41d4-a716-446655440004', 'Onion Creek Clinic & Express Care', '(855) 481-8375', '701 FM 1626, Suite 100, Austin, TX 78748', 30.140714, -97.798167),
  ('550e8400-e29b-41d4-a716-446655440005', 'Park Bend Clinic', '(855) 481-8375', '2200 Park Bend Dr, Building 2, Suite 300, Austin, TX 78758', 30.409131, -97.703271),
  ('550e8400-e29b-41d4-a716-446655440006', 'La Frontera Clinic', '(855) 481-8375', '505 W Louis Henna Blvd, #100, Round Rock, TX 78728', 30.479308, -97.680039),
  ('550e8400-e29b-41d4-a716-446655440007', 'Oakwood Clinic', '(855) 481-8375', '511 Oakwood Blvd, Suite 200, Round Rock, TX 78681', 30.512354, -97.712107),
  ('550e8400-e29b-41d4-a716-446655440008', 'Kyle Clinic', '(855) 481-8375', '177 Kirkham Circle, Kyle, TX 78640', 30.013655, -97.889338),
  ('550e8400-e29b-41d4-a716-446655440009', 'Round Rock Express Care', '(855) 481-8375', '455 University Blvd, Suite 400, Round Rock, TX 78665', 30.561202, -97.680883),
  ('550e8400-e29b-41d4-a716-446655440010', 'Williams Drive Clinic', '(855) 481-8375', '4879 Williams Dr, Building 1, Suite 103, Georgetown, TX 78633', 30.695858, -97.733528);

-- Seed Users
INSERT INTO "users" ("user_id", "first_name", "last_name", "email", "phone_number", "is_onboarded", "image_url") VALUES
  ('550e8500-e29b-41d4-a716-446655440001', 'Jennifer', 'Gredicek', 'jgredicek@example.com', '+1-512-555-0001', true, 'https://assets.harborhealth.com/providers/webp/thumb/JenniferGredicek24-O.webp'),
  ('550e8500-e29b-41d4-a716-446655440002', 'Blake', 'Liles', 'bliles@example.com', '+1-512-555-0002', true, 'https://assets.harborhealth.com/providers/webp/thumb/Blake+Liles-O.webp'),
  ('550e8500-e29b-41d4-a716-446655440003', 'Kimberly', 'Zachary', 'kzachary@example.com', '+1-512-555-0003', true, 'https://assets.harborhealth.com/providers/webp/thumb/KimZachary24-O.webp'),
  ('550e8500-e29b-41d4-a716-446655440004', 'Amy', 'Acker', 'aacker@example.com', '+1-512-555-0004', true, 'https://assets.harborhealth.com/providers/webp/thumb/AmyAcker24-O.webp'),
  ('550e8500-e29b-41d4-a716-446655440005', 'Jeanette', 'Bettes', 'jbettes@example.com', '+1-512-555-0005', true, 'https://assets.harborhealth.com/providers/webp/thumb/JeanetteBettes24-O.webp'),
  ('550e8500-e29b-41d4-a716-446655440006', 'Edgar', 'Garza', 'egarza@example.com', '+1-512-555-0006', true, 'https://assets.harborhealth.com/providers/webp/thumb/EdgarNavarro24-O2.webp'),
  ('550e8500-e29b-41d4-a716-446655440007', 'Sonia', 'Gonzalez', 'sgonzalez@example.com', '+1-512-555-0007', true, 'https://assets.harborhealth.com/providers/webp/thumb/SoniaGonzalez24-O.webp'),
  ('550e8500-e29b-41d4-a716-446655440008', 'Jodie', 'Pepin', 'jpepin@example.com', '+1-512-555-0008', true, 'https://assets.harborhealth.com/providers/webp/thumb/JodiePepin24-O.webp'),
  ('550e8500-e29b-41d4-a716-446655440009', 'Emily', 'Hicks', 'ehicks@example.com', '+1-512-555-0009', true, 'https://assets.harborhealth.com/providers/webp/thumb/EmilyHicks24-O.webp'),
  ('550e8500-e29b-41d4-a716-446655440010', 'Laurelin', 'Mullins', 'lmullins@example.com', '+1-512-555-0010', true, 'https://assets.harborhealth.com/providers/webp/thumb/LauelinMullins24-O.webp'),
  ('550e8500-e29b-41d4-a716-446655440011', 'Koren', 'Weston', 'kweston@example.com', '+1-512-555-0011', true, 'https://assets.harborhealth.com/providers/webp/thumb/KorenWeston24-O.webp'),
  ('550e8500-e29b-41d4-a716-446655440012', 'Sonia', 'Durairaj', 'sdurairaj@example.com', '+1-512-555-0012', true, 'https://assets.harborhealth.com/providers/webp/thumb/SoniaDurairaj24-O.webp'),
  ('550e8500-e29b-41d4-a716-446655440013', 'Susan', 'Inonog', 'sinonog@example.com', '+1-512-555-0013', true, 'https://assets.harborhealth.com/providers/webp/thumb/SueInonog24-O.webp'),
  ('550e8500-e29b-41d4-a716-446655440014', 'James', 'McMullen', 'jmcmullen@example.com', '+1-512-555-0014', true, 'https://assets.harborhealth.com/providers/webp/thumb/JamesMcMullen24-O.webp'),
  ('550e8500-e29b-41d4-a716-446655440015', 'Glendalyz', 'Alberto', 'galberto@example.com', '+1-512-555-0015', true, 'https://assets.harborhealth.com/providers/webp/thumb/GlendalyzAlberto24-O.webp'),
  ('550e8500-e29b-41d4-a716-446655440016', 'Javier', 'Armenta', 'jarmenta@example.com', '+1-512-555-0016', true, 'https://assets.harborhealth.com/providers/webp/thumb/JavierArmenta24-O.webp'),
  ('550e8500-e29b-41d4-a716-446655440017', 'Nazish', 'Dhukka', 'ndhukka@example.com', '+1-512-555-0017', true, 'https://assets.harborhealth.com/providers/webp/thumb/NazishDhukka24-O.webp'),
  ('550e8500-e29b-41d4-a716-446655440018', 'Luci', 'Leykum', 'lleykum@example.com', '+1-512-555-0018', true, 'https://assets.harborhealth.com/providers/webp/thumb/LuciLeykum24-O2.webp'),
  ('550e8500-e29b-41d4-a716-446655440019', 'Shanna', 'Barry', 'sbarry@example.com', '+1-512-555-0019', true, 'https://assets.harborhealth.com/providers/webp/thumb/ShannaBarry24-O.webp'),
  ('550e8500-e29b-41d4-a716-446655440020', 'Aroldo', 'Ibarra', 'aibarra@example.com', '+1-512-555-0020', true, 'https://assets.harborhealth.com/providers/webp/thumb/AraldoIbarra24-O.webp'),
  ('550e8500-e29b-41d4-a716-446655440021', 'Andrea', 'Gabel', 'agabel@example.com', '+1-512-555-0021', true, 'https://assets.harborhealth.com/providers/webp/thumb/AndreaGabel24-O.webp'),
  ('550e8500-e29b-41d4-a716-446655440022', 'Jill', 'Frank', 'jfrank@example.com', '+1-512-555-0022', true, 'https://assets.harborhealth.com/providers/webp/thumb/JillFrank24-O.webp'),
  ('550e8500-e29b-41d4-a716-446655440023', 'Robbin', 'Marroquin', 'rmarroquin@example.com', '+1-512-555-0023', true, 'https://assets.harborhealth.com/providers/webp/thumb/RobinMarroquin24-O.webp'),
  ('550e8500-e29b-41d4-a716-446655440024', 'Maria', 'Perez', 'mperez@example.com', '+1-512-555-0024', true, 'https://assets.harborhealth.com/providers/webp/thumb/MariaNicholePerez24-O.webp'),
  ('550e8500-e29b-41d4-a716-446655440025', 'Diane', 'Plas', 'dplas@example.com', '+1-512-555-0025', true, 'https://assets.harborhealth.com/providers/webp/thumb/DianePlas24-O.webp'),
  ('550e8500-e29b-41d4-a716-446655440026', 'Jocelyn', 'Sarkaria', 'jsarkaria@example.com', '+1-512-555-0026', true, 'https://assets.harborhealth.com/providers/webp/thumb/JocelynSarkaria24-O.webp'),
  ('550e8500-e29b-41d4-a716-446655440027', 'Viveca', 'Mishra', 'vmishra@example.com', '+1-512-555-0027', true, 'https://assets.harborhealth.com/providers/webp/thumb/VivecaMishra24-O.webp'),
  ('550e8500-e29b-41d4-a716-446655440028', 'Kirk', 'Middleton', 'kmiddleton@example.com', '+1-512-555-0028', true, 'https://assets.harborhealth.com/providers/webp/thumb/KirkMiddleton24-O.webp'),
  ('550e8500-e29b-41d4-a716-446655440029', 'Jennifer', 'Umanzor', 'jumanzor@example.com', '+1-512-555-0029', true, 'https://assets.harborhealth.com/providers/webp/thumb/JenniferUmanzor24-O.webp'),
  ('550e8500-e29b-41d4-a716-446655440030', 'Kayla', 'Sellers', 'ksellers@example.com', '+1-512-555-0030', true, 'https://assets.harborhealth.com/providers/webp/thumb/KaylaSellers24-O.webp'),
  ('550e8500-e29b-41d4-a716-446655440031', 'Karisa', 'Stancil', 'kstancil@example.com', '+1-512-555-0031', true, 'https://assets.harborhealth.com/providers/webp/thumb/KarissaStancil24-O.webp'),
  ('550e8500-e29b-41d4-a716-446655440032', 'Charu', 'Sawhney', 'csawhney@example.com', '+1-512-555-0032', true, 'https://assets.harborhealth.com/providers/webp/thumb/CharuSawhney24-O.webp'),
  ('550e8500-e29b-41d4-a716-446655440033', 'Laura', 'Atkins', 'latkins@example.com', '+1-512-555-0033', true, 'https://assets.harborhealth.com/providers/webp/thumb/LauraLeighAtkins24-O.webp'),
  ('550e8500-e29b-41d4-a716-446655440034', 'Meagan', 'Williams', 'mwilliams@example.com', '+1-512-555-0034', true, 'https://assets.harborhealth.com/providers/webp/thumb/MeaganWilliams24-O2.webp'),
  ('550e8500-e29b-41d4-a716-446655440035', 'Jennifer', 'Nakamura', 'jnakamura@example.com', '+1-512-555-0035', true, 'https://harbor-health-assets.s3.amazonaws.com/providers/webp/thumb/JenniferNakamura24-O.webp'),
  ('550e8500-e29b-41d4-a716-446655440036', 'Nithin', 'Suresh', 'nsuresh@example.com', '+1-512-555-0036', true, 'https://assets.harborhealth.com/providers/webp/thumb/NithenSuresh24-O.webp'),
  ('550e8500-e29b-41d4-a716-446655440037', 'Ajay', 'Zachariah', 'azachariah@example.com', '+1-512-555-0037', true, 'https://assets.harborhealth.com/providers/webp/thumb/AjayZachariah24-O.webp'),
  ('550e8500-e29b-41d4-a716-446655440038', 'Adjoa', 'Ofori', 'aofori@example.com', '+1-512-555-0038', true, 'https://assets.harborhealth.com/providers/webp/thumb/Adjoa-Ofori-LG-tempJacket2-24-O.webp'),
  ('550e8500-e29b-41d4-a716-446655440039', 'Irina', 'Dimitrova', 'idimitrova@example.com', '+1-512-555-0039', true, 'https://assets.harborhealth.com/providers/webp/thumb/IrinaDimitrova24-O.webp'),
  ('550e8500-e29b-41d4-a716-446655440040', 'Mark', 'Sanchez', 'msanchez@example.com', '+1-512-555-0040', true, 'https://assets.harborhealth.com/providers/webp/thumb/Mark+Sanchez24-O.webp'),
  ('550e8500-e29b-41d4-a716-446655440041', 'Clay', 'Johnston', 'cjohnston@example.com', '+1-512-555-0041', true, 'https://assets.harborhealth.com/providers/webp/thumb/ClayJohnston24-O.webp'),
  ('550e8500-e29b-41d4-a716-446655440042', 'Michael', 'Sellechio', 'msellechio@example.com', '+1-512-555-0042', true, 'https://assets.harborhealth.com/providers/webp/thumb/MichaelSellechio-O.webp'),
  ('550e8500-e29b-41d4-a716-446655440043', 'George', 'Rodgers', 'grogers@example.com', '+1-512-555-0043', true, 'https://assets.harborhealth.com/providers/webp/thumb/GeorgeRogers24-O.webp'),
  ('550e8500-e29b-41d4-a716-446655440044', 'Lesa', 'Droste', 'ldroste@example.com', '+1-512-555-0044', true, 'https://assets.harborhealth.com/providers/webp/thumb/LesaDroste-24-O.webp'),
  ('550e8500-e29b-41d4-a716-446655440045', 'Morgan', 'Parker', 'mparker@example.com', '+1-512-555-0045', true, 'https://assets.harborhealth.com/providers/webp/thumb/MorganParker24-O.webp'),
  ('550e8500-e29b-41d4-a716-446655440046', 'Karla', 'Jurado', 'kjurado@example.com', '+1-512-555-0046', true, 'https://assets.harborhealth.com/providers/webp/thumb/KarlaJurado24-HR.webp'),
  ('550e8500-e29b-41d4-a716-446655440047', 'Baleigh', 'Blankenship', 'bblankenship@example.com', '+1-512-555-0047', true, 'https://assets.harborhealth.com/providers/webp/thumb/BaleighBlankenship-24-O.webp'),
  ('550e8500-e29b-41d4-a716-446655440048', 'Juan', 'Davila', 'jdavila@example.com', '+1-512-555-0048', true, 'https://assets.harborhealth.com/providers/webp/thumb/JuanDavila-Temp-Thumb.webp'),
  ('550e8500-e29b-41d4-a716-446655440049', 'Stacey', 'Palmer', 'spalmer@example.com', '+1-512-555-0049', true, 'https://assets.harborhealth.com/providers/webp/thumb/Stacey+PalmerTemp+(1).webp'),
  ('550e8500-e29b-41d4-a716-446655440050', 'Stacy', 'Novick', 'snovick@example.com', '+1-512-555-0050', true, 'https://assets.harborhealth.com/providers/webp/thumb/StacyNovick-Temp2.webp');

-- Seed Providers
INSERT INTO "providers" ("provider_id", "user_id", "credentials", "specialization") VALUES
  ('550e8600-e29b-41d4-a716-446655440001', '550e8500-e29b-41d4-a716-446655440001', 'MSN, FNP-C', 'Family Nurse Practitioner'),
  ('550e8600-e29b-41d4-a716-446655440002', '550e8500-e29b-41d4-a716-446655440002', 'MSN, FNP-C', 'Family Nurse Practitioner'),
  ('550e8600-e29b-41d4-a716-446655440003', '550e8500-e29b-41d4-a716-446655440003', 'MSN, FNP-C', 'Family Nurse Practitioner'),
  ('550e8600-e29b-41d4-a716-446655440004', '550e8500-e29b-41d4-a716-446655440004', 'MSN, FNP-C', 'Family Nurse Practitioner'),
  ('550e8600-e29b-41d4-a716-446655440005', '550e8500-e29b-41d4-a716-446655440005', 'PA-C', 'Physician Assistant'),
  ('550e8600-e29b-41d4-a716-446655440006', '550e8500-e29b-41d4-a716-446655440006', 'MD', 'Pediatrician'),
  ('550e8600-e29b-41d4-a716-446655440007', '550e8500-e29b-41d4-a716-446655440007', 'FNP-C, MSN', 'Family Nurse Practitioner'),
  ('550e8600-e29b-41d4-a716-446655440008', '550e8500-e29b-41d4-a716-446655440008', 'Clinical Pharmacist', 'Clinical Pharmacist'),
  ('550e8600-e29b-41d4-a716-446655440009', '550e8500-e29b-41d4-a716-446655440009', 'MSN, FNP-C, MSCP', 'Family Nurse Practitioner'),
  ('550e8600-e29b-41d4-a716-446655440010', '550e8500-e29b-41d4-a716-446655440010', 'MSN, APRN, FNP-C', 'Family Nurse Practitioner'),
  ('550e8600-e29b-41d4-a716-446655440011', '550e8500-e29b-41d4-a716-446655440011', 'MD', 'Internal Medicine Physician'),
  ('550e8600-e29b-41d4-a716-446655440012', '550e8500-e29b-41d4-a716-446655440012', 'MD, NCMP, MSCP', 'Internal Medicine Physician'),
  ('550e8600-e29b-41d4-a716-446655440013', '550e8500-e29b-41d4-a716-446655440013', 'MD', 'Internal Medicine Physician'),
  ('550e8600-e29b-41d4-a716-446655440014', '550e8500-e29b-41d4-a716-446655440014', 'PA-C', 'Physician Assistant'),
  ('550e8600-e29b-41d4-a716-446655440015', '550e8500-e29b-41d4-a716-446655440015', 'MD', 'Internal Medicine Physician'),
  ('550e8600-e29b-41d4-a716-446655440016', '550e8500-e29b-41d4-a716-446655440016', 'MS', 'Physician Assistant'),
  ('550e8600-e29b-41d4-a716-446655440017', '550e8500-e29b-41d4-a716-446655440017', 'MSN, FNP-C', 'Family Nurse Practitioner'),
  ('550e8600-e29b-41d4-a716-446655440018', '550e8500-e29b-41d4-a716-446655440018', 'MD', 'Internal Medicine Physician'),
  ('550e8600-e29b-41d4-a716-446655440019', '550e8500-e29b-41d4-a716-446655440019', 'MSN, FNP-C', 'Family Nurse Practitioner'),
  ('550e8600-e29b-41d4-a716-446655440020', '550e8500-e29b-41d4-a716-446655440020', 'MPAS', 'Physician Assistant'),
  ('550e8600-e29b-41d4-a716-446655440021', '550e8500-e29b-41d4-a716-446655440021', 'MD', 'Family Physician'),
  ('550e8600-e29b-41d4-a716-446655440022', '550e8500-e29b-41d4-a716-446655440022', 'MSN, FNP-C', 'Family Nurse Practitioner'),
  ('550e8600-e29b-41d4-a716-446655440023', '550e8500-e29b-41d4-a716-446655440023', 'MD', 'Family Physician'),
  ('550e8600-e29b-41d4-a716-446655440024', '550e8500-e29b-41d4-a716-446655440024', 'MD', 'Internal Medicine Physician'),
  ('550e8600-e29b-41d4-a716-446655440025', '550e8500-e29b-41d4-a716-446655440025', 'MSN, APRN, FNP-C', 'Family Nurse Practitioner'),
  ('550e8600-e29b-41d4-a716-446655440026', '550e8500-e29b-41d4-a716-446655440026', 'DO', 'Family Physician'),
  ('550e8600-e29b-41d4-a716-446655440027', '550e8500-e29b-41d4-a716-446655440027', 'MD', 'Internal Medicine Physician'),
  ('550e8600-e29b-41d4-a716-446655440028', '550e8500-e29b-41d4-a716-446655440028', 'DO', 'Family Physician'),
  ('550e8600-e29b-41d4-a716-446655440029', '550e8500-e29b-41d4-a716-446655440029', 'MSN, FNP-C', 'Family Nurse Practitioner'),
  ('550e8600-e29b-41d4-a716-446655440030', '550e8500-e29b-41d4-a716-446655440030', 'MSN, FNP-C', 'Family Nurse Practitioner'),
  ('550e8600-e29b-41d4-a716-446655440031', '550e8500-e29b-41d4-a716-446655440031', 'MSN, FNP-C', 'Family Nurse Practitioner'),
  ('550e8600-e29b-41d4-a716-446655440032', '550e8500-e29b-41d4-a716-446655440032', 'DO, MPH', 'Internal Medicine Physician'),
  ('550e8600-e29b-41d4-a716-446655440033', '550e8500-e29b-41d4-a716-446655440033', 'MSN, FNP-C', 'Family Nurse Practitioner'),
  ('550e8600-e29b-41d4-a716-446655440034', '550e8500-e29b-41d4-a716-446655440034', 'MD', 'Internal Medicine Physician'),
  ('550e8600-e29b-41d4-a716-446655440035', '550e8500-e29b-41d4-a716-446655440035', 'MD', 'Internal Medicine Physician'),
  ('550e8600-e29b-41d4-a716-446655440036', '550e8500-e29b-41d4-a716-446655440036', 'MD', 'Family Physician'),
  ('550e8600-e29b-41d4-a716-446655440037', '550e8500-e29b-41d4-a716-446655440037', 'MD', 'Family Physician'),
  ('550e8600-e29b-41d4-a716-446655440038', '550e8500-e29b-41d4-a716-446655440038', 'FNP-C, APRN', 'Family Nurse Practitioner'),
  ('550e8600-e29b-41d4-a716-446655440039', '550e8500-e29b-41d4-a716-446655440039', 'MD', 'Internal Medicine Physician'),
  ('550e8600-e29b-41d4-a716-446655440040', '550e8500-e29b-41d4-a716-446655440040', 'MD', 'Internal Medicine Physician'),
  ('550e8600-e29b-41d4-a716-446655440041', '550e8500-e29b-41d4-a716-446655440041', 'PhD, MD, MPH', 'Family Physician'),
  ('550e8600-e29b-41d4-a716-446655440042', '550e8500-e29b-41d4-a716-446655440042', 'MD', 'Family Physician'),
  ('550e8600-e29b-41d4-a716-446655440043', '550e8500-e29b-41d4-a716-446655440043', 'MD', 'Cardiologist'),
  ('550e8600-e29b-41d4-a716-446655440044', '550e8500-e29b-41d4-a716-446655440044', 'DNP, APRN, FNP-C', 'Family Nurse Practitioner'),
  ('550e8600-e29b-41d4-a716-446655440045', '550e8500-e29b-41d4-a716-446655440045', 'Health Coach', 'Health Coach'),
  ('550e8600-e29b-41d4-a716-446655440046', '550e8500-e29b-41d4-a716-446655440046', 'Health Coach', 'Health Coach'),
  ('550e8600-e29b-41d4-a716-446655440047', '550e8500-e29b-41d4-a716-446655440047', 'Health Coach', 'Health Coach'),
  ('550e8600-e29b-41d4-a716-446655440048', '550e8500-e29b-41d4-a716-446655440048', 'MD', 'Family Physician'),
  ('550e8600-e29b-41d4-a716-446655440049', '550e8500-e29b-41d4-a716-446655440049', 'DNP, NP-C, DipACLM', 'Family Nurse Practitioner'),
  ('550e8600-e29b-41d4-a716-446655440050', '550e8500-e29b-41d4-a716-446655440050', 'MSN, APRN, FNP-C', 'Family Nurse Practitioner');

-- Seed Provider Locations
INSERT INTO provider_locations (provider_id, location_id) VALUES
  ('550e8600-e29b-41d4-a716-446655440001', '550e8400-e29b-41d4-a716-446655440000'),
  ('550e8600-e29b-41d4-a716-446655440001', '550e8400-e29b-41d4-a716-446655440004'),
  ('550e8600-e29b-41d4-a716-446655440002', '550e8400-e29b-41d4-a716-446655440000'),
  ('550e8600-e29b-41d4-a716-446655440002', '550e8400-e29b-41d4-a716-446655440004'),
  ('550e8600-e29b-41d4-a716-446655440003', '550e8400-e29b-41d4-a716-446655440009'),
  ('550e8600-e29b-41d4-a716-446655440004', '550e8400-e29b-41d4-a716-446655440000'),
  ('550e8600-e29b-41d4-a716-446655440004', '550e8400-e29b-41d4-a716-446655440004'),
  ('550e8600-e29b-41d4-a716-446655440005', '550e8400-e29b-41d4-a716-446655440000'),
  ('550e8600-e29b-41d4-a716-446655440006', '550e8400-e29b-41d4-a716-446655440001'),
  ('550e8600-e29b-41d4-a716-446655440006', '550e8400-e29b-41d4-a716-446655440006'),
  ('550e8600-e29b-41d4-a716-446655440007', '550e8400-e29b-41d4-a716-446655440003'),
  ('550e8600-e29b-41d4-a716-446655440008', '550e8400-e29b-41d4-a716-446655440006'),
  ('550e8600-e29b-41d4-a716-446655440009', '550e8400-e29b-41d4-a716-446655440003'),
  ('550e8600-e29b-41d4-a716-446655440010', '550e8400-e29b-41d4-a716-446655440005'),
  ('550e8600-e29b-41d4-a716-446655440011', '550e8400-e29b-41d4-a716-446655440005'),
  ('550e8600-e29b-41d4-a716-446655440012', '550e8400-e29b-41d4-a716-446655440003'),
  ('550e8600-e29b-41d4-a716-446655440013', '550e8400-e29b-41d4-a716-446655440001'),
  ('550e8600-e29b-41d4-a716-446655440014', '550e8400-e29b-41d4-a716-446655440000'),
  ('550e8600-e29b-41d4-a716-446655440015', '550e8400-e29b-41d4-a716-446655440004'),
  ('550e8600-e29b-41d4-a716-446655440016', '550e8400-e29b-41d4-a716-446655440000'),
  ('550e8600-e29b-41d4-a716-446655440017', '550e8400-e29b-41d4-a716-446655440007'),
  ('550e8600-e29b-41d4-a716-446655440018', '550e8400-e29b-41d4-a716-446655440002'),
  ('550e8600-e29b-41d4-a716-446655440019', '550e8400-e29b-41d4-a716-446655440001'),
  ('550e8600-e29b-41d4-a716-446655440020', '550e8400-e29b-41d4-a716-446655440008'),
  ('550e8600-e29b-41d4-a716-446655440021', '550e8400-e29b-41d4-a716-446655440006'),
  ('550e8600-e29b-41d4-a716-446655440022', '550e8400-e29b-41d4-a716-446655440001'),
  ('550e8600-e29b-41d4-a716-446655440023', '550e8400-e29b-41d4-a716-446655440005'),
  ('550e8600-e29b-41d4-a716-446655440024', '550e8400-e29b-41d4-a716-446655440000'),
  ('550e8600-e29b-41d4-a716-446655440025', '550e8400-e29b-41d4-a716-446655440009'),
  ('550e8600-e29b-41d4-a716-446655440026', '550e8400-e29b-41d4-a716-446655440008'),
  ('550e8600-e29b-41d4-a716-446655440027', '550e8400-e29b-41d4-a716-446655440000'),
  ('550e8600-e29b-41d4-a716-446655440028', '550e8400-e29b-41d4-a716-446655440007'),
  ('550e8600-e29b-41d4-a716-446655440029', '550e8400-e29b-41d4-a716-446655440004'),
  ('550e8600-e29b-41d4-a716-446655440030', '550e8400-e29b-41d4-a716-446655440007'),
  ('550e8600-e29b-41d4-a716-446655440031', '550e8400-e29b-41d4-a716-446655440006'),
  ('550e8600-e29b-41d4-a716-446655440032', '550e8400-e29b-41d4-a716-446655440007'),
  ('550e8600-e29b-41d4-a716-446655440033', '550e8400-e29b-41d4-a716-446655440000'),
  ('550e8600-e29b-41d4-a716-446655440034', '550e8400-e29b-41d4-a716-446655440000'),
  ('550e8600-e29b-41d4-a716-446655440035', '550e8400-e29b-41d4-a716-446655440000'),
  ('550e8600-e29b-41d4-a716-446655440036', '550e8400-e29b-41d4-a716-446655440004'),
  ('550e8600-e29b-41d4-a716-446655440037', '550e8400-e29b-41d4-a716-446655440003'),
  ('550e8600-e29b-41d4-a716-446655440038', '550e8400-e29b-41d4-a716-446655440009'),
  ('550e8600-e29b-41d4-a716-446655440039', '550e8400-e29b-41d4-a716-446655440005'),
  ('550e8600-e29b-41d4-a716-446655440040', '550e8400-e29b-41d4-a716-446655440006'),
  ('550e8600-e29b-41d4-a716-446655440041', '550e8400-e29b-41d4-a716-446655440002'),
  ('550e8600-e29b-41d4-a716-446655440042', '550e8400-e29b-41d4-a716-446655440004'),
  ('550e8600-e29b-41d4-a716-446655440043', '550e8400-e29b-41d4-a716-446655440005'),
  ('550e8600-e29b-41d4-a716-446655440043', '550e8400-e29b-41d4-a716-446655440003'),
  ('550e8600-e29b-41d4-a716-446655440044', '550e8400-e29b-41d4-a716-446655440007'),
  ('550e8600-e29b-41d4-a716-446655440045', '550e8400-e29b-41d4-a716-446655440002'),
  ('550e8600-e29b-41d4-a716-446655440046', '550e8400-e29b-41d4-a716-446655440002'),
  ('550e8600-e29b-41d4-a716-446655440047', '550e8400-e29b-41d4-a716-446655440002'),
  ('550e8600-e29b-41d4-a716-446655440048', '550e8400-e29b-41d4-a716-446655440008'),
  ('550e8600-e29b-41d4-a716-446655440049', '550e8400-e29b-41d4-a716-446655440010'),
  ('550e8600-e29b-41d4-a716-446655440050', '550e8400-e29b-41d4-a716-446655440005');

-- Seed Provider Availability
INSERT INTO provider_availability (availability_id, provider_id, day_of_week, start_time, end_time)
VALUES
  ('550e8700-e29b-41d4-a716-446655440001', '550e8600-e29b-41d4-a716-446655440001', 1, '09:00:00', '10:00:00'),
  ('550e8700-e29b-41d4-a716-446655440002', '550e8600-e29b-41d4-a716-446655440001', 1, '10:00:00', '11:00:00'),
  ('550e8700-e29b-41d4-a716-446655440003', '550e8600-e29b-41d4-a716-446655440001', 2, '08:00:00', '09:00:00'),
  ('550e8700-e29b-41d4-a716-446655440004', '550e8600-e29b-41d4-a716-446655440001', 2, '09:00:00', '10:00:00'),
  ('550e8700-e29b-41d4-a716-446655440005', '550e8600-e29b-41d4-a716-446655440001', 2, '11:00:00', '12:00:00'),
  ('550e8700-e29b-41d4-a716-446655440006', '550e8600-e29b-41d4-a716-446655440001', 3, '14:00:00', '15:00:00'),
  ('550e8700-e29b-41d4-a716-446655440007', '550e8600-e29b-41d4-a716-446655440001', 4, '13:00:00', '14:00:00'),
  ('550e8700-e29b-41d4-a716-446655440008', '550e8600-e29b-41d4-a716-446655440001', 5, '16:00:00', '17:00:00'),
  ('550e8700-e29b-41d4-a716-446655440009', '550e8600-e29b-41d4-a716-446655440001', 6, '08:00:00', '09:00:00');


