-- Seed Locations
INSERT INTO locations (location_id, name, phone, address, latitude, longitude, image_url)
VALUES
  ('550e8400-e29b-41d4-a716-446655440000', 'North University Clinic & Express Care', '+18554818375', '3200 Red River St, Suite 201, Austin, TX 78705', 30.291653, -97.727390, 'https://assets.harborhealth.com/clinics/clinic-NU-FrontAwning.jpg'),
  ('550e8400-e29b-41d4-a716-446655440001', 'East Austin Clinic', '+18554818375', '507 Calles St, #100, Austin, TX 78702', 30.258374, -97.712336, 'https://assets.harborhealth.com/clinics/clinic-EA-FrontDoor.jpg'),
  ('550e8400-e29b-41d4-a716-446655440002', 'North Central Clinic', '+18554818375', '911 W 38th St, Suite 101, Austin, TX 78705', 30.304991, -97.743009, 'https://harbor-health-assets.s3.amazonaws.com/clinics/clinic-NC-FrontDoorClose2.jpg'),
  ('550e8400-e29b-41d4-a716-446655440003', 'Westlake Clinic', '+18554818375', '500 N. Capital of Texas Hwy, Building 6, Suite 125, Austin, TX 78746', 30.308888, -97.827220, 'https://assets.harborhealth.com/clinics/clinic-WL-ReserveSign.jpg'),
  ('550e8400-e29b-41d4-a716-446655440004', 'Onion Creek Clinic & Express Care', '+18554818375', '701 FM 1626, Suite 100, Austin, TX 78748', 30.140714, -97.798167, 'https://assets.harborhealth.com/clinics/clinic-OC-BuildingSide.jpg'),
  ('550e8400-e29b-41d4-a716-446655440005', 'Park Bend Clinic', '+18554818375', '2200 Park Bend Dr, Building 2, Suite 300, Austin, TX 78758', 30.409131, -97.703271, 'https://assets.harborhealth.com/clinics/clinic-PB-BuildingFront.jpg'),
  ('550e8400-e29b-41d4-a716-446655440006', 'La Frontera Clinic', '+18554818375', '505 W Louis Henna Blvd, #100, Round Rock, TX 78728', 30.479308, -97.680039, 'https://assets.harborhealth.com/clinics/clinic-LF-FrontDoor.jpg'),
  ('550e8400-e29b-41d4-a716-446655440007', 'Oakwood Clinic', '+18554818375', '511 Oakwood Blvd, Suite 200, Round Rock, TX 78681', 30.512354, -97.712107, 'https://assets.harborhealth.com/clinics/clinic-OW-Monument1.jpg'),
  ('550e8400-e29b-41d4-a716-446655440008', 'Kyle Clinic', '+18554818375', '177 Kirkham Circle, Kyle, TX 78640', 30.013655, -97.889338, 'https://assets.harborhealth.com/clinics/clinic-KY-FrontDoor.jpg'),
  ('550e8400-e29b-41d4-a716-446655440009', 'Round Rock Express Care', '+18554818375', '455 University Blvd, Suite 400, Round Rock, TX 78665', 30.561202, -97.680883, 'https://assets.harborhealth.com/clinics/clinic-RR-BuildingAngle.jpg'),
  ('550e8400-e29b-41d4-a716-446655440010', 'Williams Drive Clinic', '+18554818375', '4879 Williams Dr, Building 1, Suite 103, Georgetown, TX 78633', 30.695858, -97.733528, 'https://assets.harborhealth.com/blog/WD-ParkingLotEntrance.jpg');

-- Seed Users
INSERT INTO "users" ("user_id", "first_name", "last_name", "email", "phone_number", "is_onboarded", "image_url") VALUES
  ('550e8500-e29b-41d4-a716-446655440001', 'Jennifer', 'Gredicek', 'jgredicek@example.com', '+1-512-555-0001', true, 'https://assets.harborhealth.com/providers/webp/thumb/JenniferGredicek24-O.webp'),
  ('550e8500-e29b-41d4-a716-446655440002', 'Blake', 'Liles', 'bliles@example.com', '+1-512-555-0002', true, 'https://assets.harborhealth.com/providers/webp/thumb/Blake+Liles-O.webp'),
  ('550e8500-e29b-41d4-a716-446655440003', 'Kimberly', 'Zachary', 'kzachary@example.com', '+1-512-555-0003', true, 'https://assets.harborhealth.com/providers/webp/thumb/KimZachary24-O.webp'),
  ('550e8500-e29b-41d4-a716-446655440004', 'Amy', 'Acker', 'aacker@example.com', '+1-512-555-0004', true, 'https://assets.harborhealth.com/providers/webp/thumb/AmyAcker24-O.webp'),
  ('550e8500-e29b-41d4-a716-446655440005', 'Jeanette', 'Bettes', 'jbettes@example.com', '+1-512-555-0005', true, 'https://assets.harborhealth.com/providers/webp/thumb/JeanetteBettes24-O.webp'),
  ('550e8500-e29b-41d4-a716-446655440006', 'Edgar', 'Garza', 'egarza@example.com', '+1-512-555-0006', true, 'https://assets.harborhealth.com/providers/webp/thumb/EdgarNavarro24-O2.webp'),
  ('550e8500-e29b-41d4-a716-446655440007', 'Sonia', 'Gonzalez', 'sgonzalez@example.com', '+1-512-555-0007', true, 'https://assets.harborhealth.com/providers/webp/thumb/SoniaGonzalez24-O.webp'),
  ('550e8500-e29b-41d4-a716-446655440008', 'Jodie', 'Pepin', 'jpepin@example.com', '+1-512-555-0008', true, 'https://assets.harborhealth.com/providers/webp/thumb/JodiePepin24-O.webp'),
  ('550e8500-e29b-41d4-a716-446655440009', 'Emily', 'Hicks', 'ehicks@example.com', '+1-512-555-0009', true, 'https://assets.harborhealth.com/providers/webp/thumb/EmilyHicks24-O.webp'),
  ('550e8500-e29b-41d4-a716-446655440010', 'Laurelin', 'Mullins', 'lmullins@example.com', '+1-512-555-0010', true, 'https://assets.harborhealth.com/providers/webp/thumb/LauelinMullins24-O.webp'),
  ('550e8500-e29b-41d4-a716-446655440011', 'Koren', 'Weston', 'kweston@example.com', '+1-512-555-0011', true, 'https://assets.harborhealth.com/providers/webp/thumb/KorenWeston24-O.webp'),
  ('550e8500-e29b-41d4-a716-446655440012', 'Sonia', 'Durairaj', 'sdurairaj@example.com', '+1-512-555-0012', true, 'https://assets.harborhealth.com/providers/webp/thumb/SoniaDurairaj24-O.webp'),
  ('550e8500-e29b-41d4-a716-446655440013', 'Susan', 'Inonog', 'sinonog@example.com', '+1-512-555-0013', true, 'https://assets.harborhealth.com/providers/webp/thumb/SueInonog24-O.webp'),
  ('550e8500-e29b-41d4-a716-446655440014', 'James', 'McMullen', 'jmcmullen@example.com', '+1-512-555-0014', true, 'https://assets.harborhealth.com/providers/webp/thumb/JamesMcMullen24-O.webp'),
  ('550e8500-e29b-41d4-a716-446655440015', 'Glendalyz', 'Alberto', 'galberto@example.com', '+1-512-555-0015', true, 'https://assets.harborhealth.com/providers/webp/thumb/GlendalyzAlberto24-O.webp'),
  ('550e8500-e29b-41d4-a716-446655440016', 'Javier', 'Armenta', 'jarmenta@example.com', '+1-512-555-0016', true, 'https://assets.harborhealth.com/providers/webp/thumb/JavierArmenta24-O.webp'),
  ('550e8500-e29b-41d4-a716-446655440017', 'Nazish', 'Dhukka', 'ndhukka@example.com', '+1-512-555-0017', true, 'https://assets.harborhealth.com/providers/webp/thumb/NazishDhukka24-O.webp'),
  ('550e8500-e29b-41d4-a716-446655440018', 'Luci', 'Leykum', 'lleykum@example.com', '+1-512-555-0018', true, 'https://assets.harborhealth.com/providers/webp/thumb/LuciLeykum24-O2.webp'),
  ('550e8500-e29b-41d4-a716-446655440019', 'Shanna', 'Barry', 'sbarry@example.com', '+1-512-555-0019', true, 'https://assets.harborhealth.com/providers/webp/thumb/ShannaBarry24-O.webp'),
  ('550e8500-e29b-41d4-a716-446655440020', 'Aroldo', 'Ibarra', 'aibarra@example.com', '+1-512-555-0020', true, 'https://assets.harborhealth.com/providers/webp/thumb/AraldoIbarra24-O.webp'),
  ('550e8500-e29b-41d4-a716-446655440021', 'Andrea', 'Gabel', 'agabel@example.com', '+1-512-555-0021', true, 'https://assets.harborhealth.com/providers/webp/thumb/AndreaGabel24-O.webp'),
  ('550e8500-e29b-41d4-a716-446655440022', 'Jill', 'Frank', 'jfrank@example.com', '+1-512-555-0022', true, 'https://assets.harborhealth.com/providers/webp/thumb/JillFrank24-O.webp'),
  ('550e8500-e29b-41d4-a716-446655440023', 'Robbin', 'Marroquin', 'rmarroquin@example.com', '+1-512-555-0023', true, 'https://assets.harborhealth.com/providers/webp/thumb/RobinMarroquin24-O.webp'),
  ('550e8500-e29b-41d4-a716-446655440024', 'Maria', 'Perez', 'mperez@example.com', '+1-512-555-0024', true, 'https://assets.harborhealth.com/providers/webp/thumb/MariaNicholePerez24-O.webp'),
  ('550e8500-e29b-41d4-a716-446655440025', 'Diane', 'Plas', 'dplas@example.com', '+1-512-555-0025', true, 'https://assets.harborhealth.com/providers/webp/thumb/DianePlas24-O.webp'),
  ('550e8500-e29b-41d4-a716-446655440026', 'Jocelyn', 'Sarkaria', 'jsarkaria@example.com', '+1-512-555-0026', true, 'https://assets.harborhealth.com/providers/webp/thumb/JocelynSarkaria24-O.webp'),
  ('550e8500-e29b-41d4-a716-446655440027', 'Viveca', 'Mishra', 'vmishra@example.com', '+1-512-555-0027', true, 'https://assets.harborhealth.com/providers/webp/thumb/VivecaMishra24-O.webp'),
  ('550e8500-e29b-41d4-a716-446655440028', 'Kirk', 'Middleton', 'kmiddleton@example.com', '+1-512-555-0028', true, 'https://assets.harborhealth.com/providers/webp/thumb/KirkMiddleton24-O.webp'),
  ('550e8500-e29b-41d4-a716-446655440029', 'Jennifer', 'Umanzor', 'jumanzor@example.com', '+1-512-555-0029', true, 'https://assets.harborhealth.com/providers/webp/thumb/JenniferUmanzor24-O.webp'),
  ('550e8500-e29b-41d4-a716-446655440030', 'Kayla', 'Sellers', 'ksellers@example.com', '+1-512-555-0030', true, 'https://assets.harborhealth.com/providers/webp/thumb/KaylaSellers24-O.webp'),
  ('550e8500-e29b-41d4-a716-446655440031', 'Karisa', 'Stancil', 'kstancil@example.com', '+1-512-555-0031', true, 'https://assets.harborhealth.com/providers/webp/thumb/KarissaStancil24-O.webp'),
  ('550e8500-e29b-41d4-a716-446655440032', 'Charu', 'Sawhney', 'csawhney@example.com', '+1-512-555-0032', true, 'https://assets.harborhealth.com/providers/webp/thumb/CharuSawhney24-O.webp'),
  ('550e8500-e29b-41d4-a716-446655440033', 'Laura', 'Atkins', 'latkins@example.com', '+1-512-555-0033', true, 'https://assets.harborhealth.com/providers/webp/thumb/LauraLeighAtkins24-O.webp'),
  ('550e8500-e29b-41d4-a716-446655440034', 'Meagan', 'Williams', 'mwilliams@example.com', '+1-512-555-0034', true, 'https://assets.harborhealth.com/providers/webp/thumb/MeaganWilliams24-O2.webp'),
  ('550e8500-e29b-41d4-a716-446655440035', 'Jennifer', 'Nakamura', 'jnakamura@example.com', '+1-512-555-0035', true, 'https://harbor-health-assets.s3.amazonaws.com/providers/webp/thumb/JenniferNakamura24-O.webp'),
  ('550e8500-e29b-41d4-a716-446655440036', 'Nithin', 'Suresh', 'nsuresh@example.com', '+1-512-555-0036', true, 'https://assets.harborhealth.com/providers/webp/thumb/NithenSuresh24-O.webp'),
  ('550e8500-e29b-41d4-a716-446655440037', 'Ajay', 'Zachariah', 'azachariah@example.com', '+1-512-555-0037', true, 'https://assets.harborhealth.com/providers/webp/thumb/AjayZachariah24-O.webp'),
  ('550e8500-e29b-41d4-a716-446655440038', 'Adjoa', 'Ofori', 'aofori@example.com', '+1-512-555-0038', true, 'https://assets.harborhealth.com/providers/webp/thumb/Adjoa-Ofori-LG-tempJacket2-24-O.webp'),
  ('550e8500-e29b-41d4-a716-446655440039', 'Irina', 'Dimitrova', 'idimitrova@example.com', '+1-512-555-0039', true, 'https://assets.harborhealth.com/providers/webp/thumb/IrinaDimitrova24-O.webp'),
  ('550e8500-e29b-41d4-a716-446655440040', 'Mark', 'Sanchez', 'msanchez@example.com', '+1-512-555-0040', true, 'https://assets.harborhealth.com/providers/webp/thumb/Mark+Sanchez24-O.webp'),
  ('550e8500-e29b-41d4-a716-446655440041', 'Clay', 'Johnston', 'cjohnston@example.com', '+1-512-555-0041', true, 'https://assets.harborhealth.com/providers/webp/thumb/ClayJohnston24-O.webp'),
  ('550e8500-e29b-41d4-a716-446655440042', 'Michael', 'Sellechio', 'msellechio@example.com', '+1-512-555-0042', true, 'https://assets.harborhealth.com/providers/webp/thumb/MichaelSellechio-O.webp'),
  ('550e8500-e29b-41d4-a716-446655440043', 'George', 'Rodgers', 'grogers@example.com', '+1-512-555-0043', true, 'https://assets.harborhealth.com/providers/webp/thumb/GeorgeRogers24-O.webp'),
  ('550e8500-e29b-41d4-a716-446655440044', 'Lesa', 'Droste', 'ldroste@example.com', '+1-512-555-0044', true, 'https://assets.harborhealth.com/providers/webp/thumb/LesaDroste-24-O.webp'),
  ('550e8500-e29b-41d4-a716-446655440045', 'Morgan', 'Parker', 'mparker@example.com', '+1-512-555-0045', true, 'https://assets.harborhealth.com/providers/webp/thumb/MorganParker24-O.webp'),
  ('550e8500-e29b-41d4-a716-446655440046', 'Karla', 'Jurado', 'kjurado@example.com', '+1-512-555-0046', true, 'https://assets.harborhealth.com/providers/webp/thumb/KarlaJurado24-HR.webp'),
  ('550e8500-e29b-41d4-a716-446655440047', 'Baleigh', 'Blankenship', 'bblankenship@example.com', '+1-512-555-0047', true, 'https://assets.harborhealth.com/providers/webp/thumb/BaleighBlankenship-24-O.webp'),
  ('550e8500-e29b-41d4-a716-446655440048', 'Juan', 'Davila', 'jdavila@example.com', '+1-512-555-0048', true, 'https://assets.harborhealth.com/providers/webp/thumb/JuanDavila-Temp-Thumb.webp'),
  ('550e8500-e29b-41d4-a716-446655440049', 'Stacey', 'Palmer', 'spalmer@example.com', '+1-512-555-0049', true, 'https://assets.harborhealth.com/providers/webp/thumb/Stacey+PalmerTemp+(1).webp'),
  ('550e8500-e29b-41d4-a716-446655440050', 'Stacy', 'Novick', 'snovick@example.com', '+1-512-555-0050', true, 'https://assets.harborhealth.com/providers/webp/thumb/StacyNovick-Temp2.webp');

-- Seed Providers
INSERT INTO "providers" ("provider_id", "user_id", "credentials", "specialization") VALUES
  ('550e8600-e29b-41d4-a716-446655440001', '550e8500-e29b-41d4-a716-446655440001', 'MSN, FNP-C', 'Family Nurse Practitioner'),
  ('550e8600-e29b-41d4-a716-446655440002', '550e8500-e29b-41d4-a716-446655440002', 'MSN, FNP-C', 'Family Nurse Practitioner'),
  ('550e8600-e29b-41d4-a716-446655440003', '550e8500-e29b-41d4-a716-446655440003', 'MSN, FNP-C', 'Family Nurse Practitioner'),
  ('550e8600-e29b-41d4-a716-446655440004', '550e8500-e29b-41d4-a716-446655440004', 'MSN, FNP-C', 'Family Nurse Practitioner'),
  ('550e8600-e29b-41d4-a716-446655440005', '550e8500-e29b-41d4-a716-446655440005', 'PA-C', 'Physician Assistant'),
  ('550e8600-e29b-41d4-a716-446655440006', '550e8500-e29b-41d4-a716-446655440006', 'MD', 'Pediatrician'),
  ('550e8600-e29b-41d4-a716-446655440007', '550e8500-e29b-41d4-a716-446655440007', 'FNP-C, MSN', 'Family Nurse Practitioner'),
  ('550e8600-e29b-41d4-a716-446655440008', '550e8500-e29b-41d4-a716-446655440008', 'Clinical Pharmacist', 'Clinical Pharmacist'),
  ('550e8600-e29b-41d4-a716-446655440009', '550e8500-e29b-41d4-a716-446655440009', 'MSN, FNP-C, MSCP', 'Family Nurse Practitioner'),
  ('550e8600-e29b-41d4-a716-446655440010', '550e8500-e29b-41d4-a716-446655440010', 'MSN, APRN, FNP-C', 'Family Nurse Practitioner'),
  ('550e8600-e29b-41d4-a716-446655440011', '550e8500-e29b-41d4-a716-446655440011', 'MD', 'Internal Medicine Physician'),
  ('550e8600-e29b-41d4-a716-446655440012', '550e8500-e29b-41d4-a716-446655440012', 'MD, NCMP, MSCP', 'Internal Medicine Physician'),
  ('550e8600-e29b-41d4-a716-446655440013', '550e8500-e29b-41d4-a716-446655440013', 'MD', 'Internal Medicine Physician'),
  ('550e8600-e29b-41d4-a716-446655440014', '550e8500-e29b-41d4-a716-446655440014', 'PA-C', 'Physician Assistant'),
  ('550e8600-e29b-41d4-a716-446655440015', '550e8500-e29b-41d4-a716-446655440015', 'MD', 'Internal Medicine Physician'),
  ('550e8600-e29b-41d4-a716-446655440016', '550e8500-e29b-41d4-a716-446655440016', 'MS', 'Physician Assistant'),
  ('550e8600-e29b-41d4-a716-446655440017', '550e8500-e29b-41d4-a716-446655440017', 'MSN, FNP-C', 'Family Nurse Practitioner'),
  ('550e8600-e29b-41d4-a716-446655440018', '550e8500-e29b-41d4-a716-446655440018', 'MD', 'Internal Medicine Physician'),
  ('550e8600-e29b-41d4-a716-446655440019', '550e8500-e29b-41d4-a716-446655440019', 'MSN, FNP-C', 'Family Nurse Practitioner'),
  ('550e8600-e29b-41d4-a716-446655440020', '550e8500-e29b-41d4-a716-446655440020', 'MPAS', 'Physician Assistant'),
  ('550e8600-e29b-41d4-a716-446655440021', '550e8500-e29b-41d4-a716-446655440021', 'MD', 'Family Physician'),
  ('550e8600-e29b-41d4-a716-446655440022', '550e8500-e29b-41d4-a716-446655440022', 'MSN, FNP-C', 'Family Nurse Practitioner'),
  ('550e8600-e29b-41d4-a716-446655440023', '550e8500-e29b-41d4-a716-446655440023', 'MD', 'Family Physician'),
  ('550e8600-e29b-41d4-a716-446655440024', '550e8500-e29b-41d4-a716-446655440024', 'MD', 'Internal Medicine Physician'),
  ('550e8600-e29b-41d4-a716-446655440025', '550e8500-e29b-41d4-a716-446655440025', 'MSN, APRN, FNP-C', 'Family Nurse Practitioner'),
  ('550e8600-e29b-41d4-a716-446655440026', '550e8500-e29b-41d4-a716-446655440026', 'DO', 'Family Physician'),
  ('550e8600-e29b-41d4-a716-446655440027', '550e8500-e29b-41d4-a716-446655440027', 'MD', 'Internal Medicine Physician'),
  ('550e8600-e29b-41d4-a716-446655440028', '550e8500-e29b-41d4-a716-446655440028', 'DO', 'Family Physician'),
  ('550e8600-e29b-41d4-a716-446655440029', '550e8500-e29b-41d4-a716-446655440029', 'MSN, FNP-C', 'Family Nurse Practitioner'),
  ('550e8600-e29b-41d4-a716-446655440030', '550e8500-e29b-41d4-a716-446655440030', 'MSN, FNP-C', 'Family Nurse Practitioner'),
  ('550e8600-e29b-41d4-a716-446655440031', '550e8500-e29b-41d4-a716-446655440031', 'MSN, FNP-C', 'Family Nurse Practitioner'),
  ('550e8600-e29b-41d4-a716-446655440032', '550e8500-e29b-41d4-a716-446655440032', 'DO, MPH', 'Internal Medicine Physician'),
  ('550e8600-e29b-41d4-a716-446655440033', '550e8500-e29b-41d4-a716-446655440033', 'MSN, FNP-C', 'Family Nurse Practitioner'),
  ('550e8600-e29b-41d4-a716-446655440034', '550e8500-e29b-41d4-a716-446655440034', 'MD', 'Internal Medicine Physician'),
  ('550e8600-e29b-41d4-a716-446655440035', '550e8500-e29b-41d4-a716-446655440035', 'MD', 'Internal Medicine Physician'),
  ('550e8600-e29b-41d4-a716-446655440036', '550e8500-e29b-41d4-a716-446655440036', 'MD', 'Family Physician'),
  ('550e8600-e29b-41d4-a716-446655440037', '550e8500-e29b-41d4-a716-446655440037', 'MD', 'Family Physician'),
  ('550e8600-e29b-41d4-a716-446655440038', '550e8500-e29b-41d4-a716-446655440038', 'FNP-C, APRN', 'Family Nurse Practitioner'),
  ('550e8600-e29b-41d4-a716-446655440039', '550e8500-e29b-41d4-a716-446655440039', 'MD', 'Internal Medicine Physician'),
  ('550e8600-e29b-41d4-a716-446655440040', '550e8500-e29b-41d4-a716-446655440040', 'MD', 'Internal Medicine Physician'),
  ('550e8600-e29b-41d4-a716-446655440041', '550e8500-e29b-41d4-a716-446655440041', 'PhD, MD, MPH', 'Family Physician'),
  ('550e8600-e29b-41d4-a716-446655440042', '550e8500-e29b-41d4-a716-446655440042', 'MD', 'Family Physician'),
  ('550e8600-e29b-41d4-a716-446655440043', '550e8500-e29b-41d4-a716-446655440043', 'MD', 'Cardiologist'),
  ('550e8600-e29b-41d4-a716-446655440044', '550e8500-e29b-41d4-a716-446655440044', 'DNP, APRN, FNP-C', 'Family Nurse Practitioner'),
  ('550e8600-e29b-41d4-a716-446655440045', '550e8500-e29b-41d4-a716-446655440045', 'Health Coach', 'Health Coach'),
  ('550e8600-e29b-41d4-a716-446655440046', '550e8500-e29b-41d4-a716-446655440046', 'Health Coach', 'Health Coach'),
  ('550e8600-e29b-41d4-a716-446655440047', '550e8500-e29b-41d4-a716-446655440047', 'Health Coach', 'Health Coach'),
  ('550e8600-e29b-41d4-a716-446655440048', '550e8500-e29b-41d4-a716-446655440048', 'MD', 'Family Physician'),
  ('550e8600-e29b-41d4-a716-446655440049', '550e8500-e29b-41d4-a716-446655440049', 'DNP, NP-C, DipACLM', 'Family Nurse Practitioner'),
  ('550e8600-e29b-41d4-a716-446655440050', '550e8500-e29b-41d4-a716-446655440050', 'MSN, APRN, FNP-C', 'Family Nurse Practitioner');

-- Seed Provider Locations
INSERT INTO provider_locations (provider_id, location_id) VALUES
  ('550e8600-e29b-41d4-a716-446655440001', '550e8400-e29b-41d4-a716-446655440000'),
  ('550e8600-e29b-41d4-a716-446655440001', '550e8400-e29b-41d4-a716-446655440004'),
  ('550e8600-e29b-41d4-a716-446655440002', '550e8400-e29b-41d4-a716-446655440000'),
  ('550e8600-e29b-41d4-a716-446655440002', '550e8400-e29b-41d4-a716-446655440004'),
  ('550e8600-e29b-41d4-a716-446655440003', '550e8400-e29b-41d4-a716-446655440009'),
  ('550e8600-e29b-41d4-a716-446655440004', '550e8400-e29b-41d4-a716-446655440000'),
  ('550e8600-e29b-41d4-a716-446655440004', '550e8400-e29b-41d4-a716-446655440004'),
  ('550e8600-e29b-41d4-a716-446655440005', '550e8400-e29b-41d4-a716-446655440000'),
  ('550e8600-e29b-41d4-a716-446655440006', '550e8400-e29b-41d4-a716-446655440001'),
  ('550e8600-e29b-41d4-a716-446655440006', '550e8400-e29b-41d4-a716-446655440006'),
  ('550e8600-e29b-41d4-a716-446655440007', '550e8400-e29b-41d4-a716-446655440003'),
  ('550e8600-e29b-41d4-a716-446655440008', '550e8400-e29b-41d4-a716-446655440006'),
  ('550e8600-e29b-41d4-a716-446655440009', '550e8400-e29b-41d4-a716-446655440003'),
  ('550e8600-e29b-41d4-a716-446655440010', '550e8400-e29b-41d4-a716-446655440005'),
  ('550e8600-e29b-41d4-a716-446655440011', '550e8400-e29b-41d4-a716-446655440005'),
  ('550e8600-e29b-41d4-a716-446655440012', '550e8400-e29b-41d4-a716-446655440003'),
  ('550e8600-e29b-41d4-a716-446655440013', '550e8400-e29b-41d4-a716-446655440001'),
  ('550e8600-e29b-41d4-a716-446655440014', '550e8400-e29b-41d4-a716-446655440000'),
  ('550e8600-e29b-41d4-a716-446655440015', '550e8400-e29b-41d4-a716-446655440004'),
  ('550e8600-e29b-41d4-a716-446655440016', '550e8400-e29b-41d4-a716-446655440000'),
  ('550e8600-e29b-41d4-a716-446655440017', '550e8400-e29b-41d4-a716-446655440007'),
  ('550e8600-e29b-41d4-a716-446655440018', '550e8400-e29b-41d4-a716-446655440002'),
  ('550e8600-e29b-41d4-a716-446655440019', '550e8400-e29b-41d4-a716-446655440001'),
  ('550e8600-e29b-41d4-a716-446655440020', '550e8400-e29b-41d4-a716-446655440008'),
  ('550e8600-e29b-41d4-a716-446655440021', '550e8400-e29b-41d4-a716-446655440006'),
  ('550e8600-e29b-41d4-a716-446655440022', '550e8400-e29b-41d4-a716-446655440001'),
  ('550e8600-e29b-41d4-a716-446655440023', '550e8400-e29b-41d4-a716-446655440005'),
  ('550e8600-e29b-41d4-a716-446655440024', '550e8400-e29b-41d4-a716-446655440000'),
  ('550e8600-e29b-41d4-a716-446655440025', '550e8400-e29b-41d4-a716-446655440009'),
  ('550e8600-e29b-41d4-a716-446655440026', '550e8400-e29b-41d4-a716-446655440008'),
  ('550e8600-e29b-41d4-a716-446655440027', '550e8400-e29b-41d4-a716-446655440000'),
  ('550e8600-e29b-41d4-a716-446655440028', '550e8400-e29b-41d4-a716-446655440007'),
  ('550e8600-e29b-41d4-a716-446655440029', '550e8400-e29b-41d4-a716-446655440004'),
  ('550e8600-e29b-41d4-a716-446655440030', '550e8400-e29b-41d4-a716-446655440007'),
  ('550e8600-e29b-41d4-a716-446655440031', '550e8400-e29b-41d4-a716-446655440006'),
  ('550e8600-e29b-41d4-a716-446655440032', '550e8400-e29b-41d4-a716-446655440007'),
  ('550e8600-e29b-41d4-a716-446655440033', '550e8400-e29b-41d4-a716-446655440000'),
  ('550e8600-e29b-41d4-a716-446655440034', '550e8400-e29b-41d4-a716-446655440000'),
  ('550e8600-e29b-41d4-a716-446655440035', '550e8400-e29b-41d4-a716-446655440000'),
  ('550e8600-e29b-41d4-a716-446655440036', '550e8400-e29b-41d4-a716-446655440004'),
  ('550e8600-e29b-41d4-a716-446655440037', '550e8400-e29b-41d4-a716-446655440003'),
  ('550e8600-e29b-41d4-a716-446655440038', '550e8400-e29b-41d4-a716-446655440009'),
  ('550e8600-e29b-41d4-a716-446655440039', '550e8400-e29b-41d4-a716-446655440005'),
  ('550e8600-e29b-41d4-a716-446655440040', '550e8400-e29b-41d4-a716-446655440006'),
  ('550e8600-e29b-41d4-a716-446655440041', '550e8400-e29b-41d4-a716-446655440002'),
  ('550e8600-e29b-41d4-a716-446655440042', '550e8400-e29b-41d4-a716-446655440004'),
  ('550e8600-e29b-41d4-a716-446655440043', '550e8400-e29b-41d4-a716-446655440005'),
  ('550e8600-e29b-41d4-a716-446655440043', '550e8400-e29b-41d4-a716-446655440003'),
  ('550e8600-e29b-41d4-a716-446655440044', '550e8400-e29b-41d4-a716-446655440007'),
  ('550e8600-e29b-41d4-a716-446655440045', '550e8400-e29b-41d4-a716-446655440002'),
  ('550e8600-e29b-41d4-a716-446655440046', '550e8400-e29b-41d4-a716-446655440002'),
  ('550e8600-e29b-41d4-a716-446655440047', '550e8400-e29b-41d4-a716-446655440002'),
  ('550e8600-e29b-41d4-a716-446655440048', '550e8400-e29b-41d4-a716-446655440008'),
  ('550e8600-e29b-41d4-a716-446655440049', '550e8400-e29b-41d4-a716-446655440010'),
  ('550e8600-e29b-41d4-a716-446655440050', '550e8400-e29b-41d4-a716-446655440005');

-- Seed Provider Availability
INSERT INTO provider_availability (availability_id, provider_id, day_of_week, start_time, end_time)
VALUES
  ('550e8700-e29b-41d4-a716-446655440001', '550e8600-e29b-41d4-a716-446655440001', 1, '09:00:00', '10:00:00'),
  ('550e8700-e29b-41d4-a716-446655440002', '550e8600-e29b-41d4-a716-446655440001', 1, '10:00:00', '11:00:00'),
  ('550e8700-e29b-41d4-a716-446655440003', '550e8600-e29b-41d4-a716-446655440001', 2, '08:00:00', '09:00:00'),
  ('550e8700-e29b-41d4-a716-446655440004', '550e8600-e29b-41d4-a716-446655440001', 2, '09:00:00', '10:00:00'),
  ('550e8700-e29b-41d4-a716-446655440005', '550e8600-e29b-41d4-a716-446655440001', 2, '11:00:00', '12:00:00'),
  ('550e8700-e29b-41d4-a716-446655440006', '550e8600-e29b-41d4-a716-446655440001', 3, '14:00:00', '15:00:00'),
  ('550e8700-e29b-41d4-a716-446655440007', '550e8600-e29b-41d4-a716-446655440001', 4, '13:00:00', '14:00:00'),
  ('550e8700-e29b-41d4-a716-446655440008', '550e8600-e29b-41d4-a716-446655440001', 5, '16:00:00', '17:00:00'),
  ('550e8700-e29b-41d4-a716-446655440009', '550e8600-e29b-41d4-a716-446655440001', 6, '08:00:00', '09:00:00'),
  ('550e8700-e29b-41d4-a716-446655440010', '550e8600-e29b-41d4-a716-446655440002', 1, '09:00:00', '10:00:00'),
  ('550e8700-e29b-41d4-a716-446655440011', '550e8600-e29b-41d4-a716-446655440002', 1, '11:00:00', '12:00:00'),
  ('550e8700-e29b-41d4-a716-446655440012', '550e8600-e29b-41d4-a716-446655440002', 2, '08:00:00', '09:00:00'),
  ('550e8700-e29b-41d4-a716-446655440013', '550e8600-e29b-41d4-a716-446655440002', 2, '09:00:00', '10:00:00'),
  ('550e8700-e29b-41d4-a716-446655440014', '550e8600-e29b-41d4-a716-446655440002', 3, '14:00:00', '15:00:00'),
  ('550e8700-e29b-41d4-a716-446655440015', '550e8600-e29b-41d4-a716-446655440002', 4, '13:00:00', '14:00:00'),
  ('550e8700-e29b-41d4-a716-446655440016', '550e8600-e29b-41d4-a716-446655440002', 4, '16:00:00', '17:00:00'),
  ('550e8700-e29b-41d4-a716-446655440017', '550e8600-e29b-41d4-a716-446655440002', 6, '08:00:00', '09:00:00'),
  ('550e8700-e29b-41d4-a716-446655440018', '550e8600-e29b-41d4-a716-446655440003', 1, '09:00:00', '10:00:00'),
  ('550e8700-e29b-41d4-a716-446655440019', '550e8600-e29b-41d4-a716-446655440003', 1, '11:00:00', '12:00:00'),
  ('550e8700-e29b-41d4-a716-446655440020', '550e8600-e29b-41d4-a716-446655440003', 4, '14:00:00', '15:00:00'),
  ('550e8700-e29b-41d4-a716-446655440021', '550e8600-e29b-41d4-a716-446655440003', 4, '16:00:00', '17:00:00'),
  ('550e8700-e29b-41d4-a716-446655440022', '550e8600-e29b-41d4-a716-446655440003', 6, '09:00:00', '10:00:00'),
  ('550e8700-e29b-41d4-a716-446655440023', '550e8600-e29b-41d4-a716-446655440004', 2, '08:00:00', '09:00:00'),
  ('550e8700-e29b-41d4-a716-446655440024', '550e8600-e29b-41d4-a716-446655440004', 2, '11:00:00', '12:00:00'),
  ('550e8700-e29b-41d4-a716-446655440025', '550e8600-e29b-41d4-a716-446655440004', 3, '14:00:00', '15:00:00'),
  ('550e8700-e29b-41d4-a716-446655440026', '550e8600-e29b-41d4-a716-446655440004', 4, '13:00:00', '14:00:00'),
  ('550e8700-e29b-41d4-a716-446655440027', '550e8600-e29b-41d4-a716-446655440004', 5, '16:00:00', '17:00:00'),
  ('550e8700-e29b-41d4-a716-446655440028', '550e8600-e29b-41d4-a716-446655440004', 6, '08:00:00', '09:00:00'),
  ('550e8700-e29b-41d4-a716-446655440029', '550e8600-e29b-41d4-a716-446655440005', 1, '09:00:00', '10:00:00'),
  ('550e8700-e29b-41d4-a716-446655440030', '550e8600-e29b-41d4-a716-446655440005', 1, '11:00:00', '12:00:00'),
  ('550e8700-e29b-41d4-a716-446655440031', '550e8600-e29b-41d4-a716-446655440005', 1, '13:00:00', '14:00:00'),
  ('550e8700-e29b-41d4-a716-446655440032', '550e8600-e29b-41d4-a716-446655440005', 2, '08:00:00', '09:00:00'),
  ('550e8700-e29b-41d4-a716-446655440033', '550e8600-e29b-41d4-a716-446655440005', 2, '09:00:00', '10:00:00'),
  ('550e8700-e29b-41d4-a716-446655440034', '550e8600-e29b-41d4-a716-446655440005', 3, '14:00:00', '15:00:00'),
  ('550e8700-e29b-41d4-a716-446655440035', '550e8600-e29b-41d4-a716-446655440005', 4, '13:00:00', '14:00:00'),
  ('550e8700-e29b-41d4-a716-446655440036', '550e8600-e29b-41d4-a716-446655440005', 4, '16:00:00', '17:00:00'),
  ('550e8700-e29b-41d4-a716-446655440037', '550e8600-e29b-41d4-a716-446655440005', 6, '08:00:00', '09:00:00'),
  ('550e8700-e29b-41d4-a716-446655440038', '550e8600-e29b-41d4-a716-446655440005', 6, '09:00:00', '10:00:00'),
  ('550f8700-e29b-41d4-a716-446655440039', '550e8600-e29b-41d4-a716-446655440006', 1, '09:00:00', '10:00:00'),
  ('550f8700-e29b-41d4-a716-446655440040', '550e8600-e29b-41d4-a716-446655440006', 1, '11:00:00', '12:00:00'),
  ('550f8700-e29b-41d4-a716-446655440041', '550e8600-e29b-41d4-a716-446655440006', 1, '13:00:00', '14:00:00'),
  ('550f8700-e29b-41d4-a716-446655440042', '550e8600-e29b-41d4-a716-446655440006', 2, '08:00:00', '09:00:00'),
  ('550f8700-e29b-41d4-a716-446655440043', '550e8600-e29b-41d4-a716-446655440006', 2, '09:00:00', '10:00:00'),
  ('550f8700-e29b-41d4-a716-446655440044', '550e8600-e29b-41d4-a716-446655440006', 3, '14:00:00', '15:00:00'),
  ('550f8700-e29b-41d4-a716-446655440045', '550e8600-e29b-41d4-a716-446655440006', 4, '13:00:00', '14:00:00'),
  ('550f8700-e29b-41d4-a716-446655440046', '550e8600-e29b-41d4-a716-446655440006', 4, '16:00:00', '17:00:00'),
  ('550f8700-e29b-41d4-a716-446655440047', '550e8600-e29b-41d4-a716-446655440006', 6, '08:00:00', '09:00:00'),
  ('550f8700-e29b-41d4-a716-446655440048', '550e8600-e29b-41d4-a716-446655440006', 6, '09:00:00', '10:00:00'),
  ('55a18700-e29b-41d4-a716-446655440049', '550e8600-e29b-41d4-a716-446655440007', 1, '09:00:00', '10:00:00'),
  ('55a18700-e29b-41d4-a716-446655440050', '550e8600-e29b-41d4-a716-446655440007', 1, '11:00:00', '12:00:00'),
  ('55a18700-e29b-41d4-a716-446655440051', '550e8600-e29b-41d4-a716-446655440007', 1, '13:00:00', '14:00:00'),
  ('55a18700-e29b-41d4-a716-446655440052', '550e8600-e29b-41d4-a716-446655440007', 2, '08:00:00', '09:00:00'),
  ('55a18700-e29b-41d4-a716-446655440053', '550e8600-e29b-41d4-a716-446655440007', 2, '09:00:00', '10:00:00'),
  ('55a18700-e29b-41d4-a716-446655440054', '550e8600-e29b-41d4-a716-446655440007', 3, '08:00:00', '09:00:00'),
  ('55a18700-e29b-41d4-a716-446655440055', '550e8600-e29b-41d4-a716-446655440007', 3, '09:00:00', '10:00:00'),
  ('55a18700-e29b-41d4-a716-446655440056', '550e8600-e29b-41d4-a716-446655440007', 3, '13:00:00', '14:00:00'),
  ('55a18700-e29b-41d4-a716-446655440057', '550e8600-e29b-41d4-a716-446655440007', 4, '13:00:00', '14:00:00'),
  ('55a18700-e29b-41d4-a716-446655440058', '550e8600-e29b-41d4-a716-446655440007', 4, '16:00:00', '17:00:00'),
  ('55a18700-e29b-41d4-a716-446655440059', '550e8600-e29b-41d4-a716-446655440007', 6, '08:00:00', '09:00:00'),
  ('55a18700-e29b-41d4-a716-446655440060', '550e8600-e29b-41d4-a716-446655440007', 6, '09:00:00', '10:00:00'),
  ('55a28700-e29b-41d4-a716-446655440061', '550e8600-e29b-41d4-a716-446655440008', 1, '09:00:00', '10:00:00'),
  ('55a28700-e29b-41d4-a716-446655440062', '550e8600-e29b-41d4-a716-446655440008', 1, '11:00:00', '12:00:00'),
  ('55a28700-e29b-41d4-a716-446655440063', '550e8600-e29b-41d4-a716-446655440008', 1, '13:00:00', '14:00:00'),
  ('55a28700-e29b-41d4-a716-446655440064', '550e8600-e29b-41d4-a716-446655440008', 2, '08:00:00', '09:00:00'),
  ('55a28700-e29b-41d4-a716-446655440065', '550e8600-e29b-41d4-a716-446655440008', 2, '09:00:00', '10:00:00'),
  ('55a28700-e29b-41d4-a716-446655440066', '550e8600-e29b-41d4-a716-446655440008', 3, '08:00:00', '09:00:00'),
  ('55a28700-e29b-41d4-a716-446655440067', '550e8600-e29b-41d4-a716-446655440008', 3, '09:00:00', '10:00:00'),
  ('55a28700-e29b-41d4-a716-446655440068', '550e8600-e29b-41d4-a716-446655440008', 3, '13:00:00', '14:00:00'),
  ('55a28700-e29b-41d4-a716-446655440069', '550e8600-e29b-41d4-a716-446655440008', 4, '13:00:00', '14:00:00'),
  ('55a28700-e29b-41d4-a716-446655440070', '550e8600-e29b-41d4-a716-446655440008', 4, '16:00:00', '17:00:00'),
  ('55a28700-e29b-41d4-a716-446655440071', '550e8600-e29b-41d4-a716-446655440008', 5, '08:00:00', '09:00:00'),
  ('55a28700-e29b-41d4-a716-446655440072', '550e8600-e29b-41d4-a716-446655440008', 5, '09:00:00', '10:00:00'),
  ('55a38700-e29b-41d4-a716-446655440073', '550e8600-e29b-41d4-a716-446655440009', 1, '09:00:00', '10:00:00'),
  ('55a38700-e29b-41d4-a716-446655440074', '550e8600-e29b-41d4-a716-446655440009', 2, '08:00:00', '09:00:00'),
  ('55a38700-e29b-41d4-a716-446655440075', '550e8600-e29b-41d4-a716-446655440009', 2, '09:00:00', '10:00:00'),
  ('55a38700-e29b-41d4-a716-446655440076', '550e8600-e29b-41d4-a716-446655440009', 3, '08:00:00', '09:00:00'),
  ('55a38700-e29b-41d4-a716-446655440077', '550e8600-e29b-41d4-a716-446655440009', 3, '09:00:00', '10:00:00'),
  ('55a38700-e29b-41d4-a716-446655440078', '550e8600-e29b-41d4-a716-446655440009', 3, '13:00:00', '14:00:00'),
  ('55a38700-e29b-41d4-a716-446655440079', '550e8600-e29b-41d4-a716-446655440009', 4, '13:00:00', '14:00:00'),
  ('55a38700-e29b-41d4-a716-446655440080', '550e8600-e29b-41d4-a716-446655440009', 4, '16:00:00', '17:00:00'),
  ('55a38700-e29b-41d4-a716-446655440081', '550e8600-e29b-41d4-a716-446655440009', 5, '08:00:00', '09:00:00'),
  ('55a38700-e29b-41d4-a716-446655440082', '550e8600-e29b-41d4-a716-446655440009', 5, '09:00:00', '10:00:00'),
  ('55a48700-e29b-41d4-a716-446655440083', '550e8600-e29b-41d4-a716-446655440010', 1, '09:00:00', '10:00:00'),
  ('55a48700-e29b-41d4-a716-446655440084', '550e8600-e29b-41d4-a716-446655440010', 1, '11:00:00', '12:00:00'),
  ('55a48700-e29b-41d4-a716-446655440085', '550e8600-e29b-41d4-a716-446655440010', 1, '13:00:00', '14:00:00'),
  ('55a48700-e29b-41d4-a716-446655440086', '550e8600-e29b-41d4-a716-446655440010', 2, '09:00:00', '10:00:00'),
  ('55a48700-e29b-41d4-a716-446655440087', '550e8600-e29b-41d4-a716-446655440010', 3, '08:00:00', '09:00:00'),
  ('55a48700-e29b-41d4-a716-446655440088', '550e8600-e29b-41d4-a716-446655440010', 3, '09:00:00', '10:00:00'),
  ('55a48700-e29b-41d4-a716-446655440089', '550e8600-e29b-41d4-a716-446655440010', 3, '13:00:00', '14:00:00'),
  ('55a48700-e29b-41d4-a716-446655440090', '550e8600-e29b-41d4-a716-446655440010', 4, '13:00:00', '14:00:00'),
  ('55a48700-e29b-41d4-a716-446655440091', '550e8600-e29b-41d4-a716-446655440010', 4, '16:00:00', '17:00:00'),
  ('55a48700-e29b-41d4-a716-446655440092', '550e8600-e29b-41d4-a716-446655440010', 5, '08:00:00', '09:00:00'),
  ('55a48700-e29b-41d4-a716-446655440093', '550e8600-e29b-41d4-a716-446655440010', 5, '09:00:00', '10:00:00'),
  ('550e8700-e29b-41d4-b716-446655440001', '550e8600-e29b-41d4-a716-446655440011', 1, '09:00:00', '10:00:00'),
  ('550e8700-e29b-41d4-b716-446655440002', '550e8600-e29b-41d4-a716-446655440011', 1, '10:00:00', '11:00:00'),
  ('550e8700-e29b-41d4-b716-446655440003', '550e8600-e29b-41d4-a716-446655440011', 2, '08:00:00', '09:00:00'),
  ('550e8700-e29b-41d4-b716-446655440004', '550e8600-e29b-41d4-a716-446655440011', 2, '09:00:00', '10:00:00'),
  ('550e8700-e29b-41d4-b716-446655440005', '550e8600-e29b-41d4-a716-446655440011', 2, '11:00:00', '12:00:00'),
  ('550e8700-e29b-41d4-b716-446655440006', '550e8600-e29b-41d4-a716-446655440011', 3, '14:00:00', '15:00:00'),
  ('550e8700-e29b-41d4-b716-446655440007', '550e8600-e29b-41d4-a716-446655440011', 4, '13:00:00', '14:00:00'),
  ('550e8700-e29b-41d4-b716-446655440008', '550e8600-e29b-41d4-a716-446655440011', 5, '16:00:00', '17:00:00'),
  ('550e8700-e29b-41d4-b716-446655440009', '550e8600-e29b-41d4-a716-446655440011', 6, '08:00:00', '09:00:00'),
  ('550e8700-e29b-41d4-b716-446655440010', '550e8600-e29b-41d4-a716-446655440012', 1, '09:00:00', '10:00:00'),
  ('550e8700-e29b-41d4-b716-446655440011', '550e8600-e29b-41d4-a716-446655440012', 1, '11:00:00', '12:00:00'),
  ('550e8700-e29b-41d4-b716-446655440012', '550e8600-e29b-41d4-a716-446655440012', 2, '08:00:00', '09:00:00'),
  ('550e8700-e29b-41d4-b716-446655440013', '550e8600-e29b-41d4-a716-446655440012', 2, '09:00:00', '10:00:00'),
  ('550e8700-e29b-41d4-b716-446655440014', '550e8600-e29b-41d4-a716-446655440012', 3, '14:00:00', '15:00:00'),
  ('550e8700-e29b-41d4-b716-446655440015', '550e8600-e29b-41d4-a716-446655440012', 4, '13:00:00', '14:00:00'),
  ('550e8700-e29b-41d4-b716-446655440016', '550e8600-e29b-41d4-a716-446655440012', 4, '16:00:00', '17:00:00'),
  ('550e8700-e29b-41d4-b716-446655440017', '550e8600-e29b-41d4-a716-446655440012', 6, '08:00:00', '09:00:00'),
  ('550e8700-e29b-41d4-b716-446655440018', '550e8600-e29b-41d4-a716-446655440013', 1, '09:00:00', '10:00:00'),
  ('550e8700-e29b-41d4-b716-446655440019', '550e8600-e29b-41d4-a716-446655440013', 1, '11:00:00', '12:00:00'),
  ('550e8700-e29b-41d4-b716-446655440020', '550e8600-e29b-41d4-a716-446655440013', 4, '14:00:00', '15:00:00'),
  ('550e8700-e29b-41d4-b716-446655440021', '550e8600-e29b-41d4-a716-446655440013', 4, '16:00:00', '17:00:00'),
  ('550e8700-e29b-41d4-b716-446655440022', '550e8600-e29b-41d4-a716-446655440013', 6, '09:00:00', '10:00:00'),
  ('550e8700-e29b-41d4-b716-446655440023', '550e8600-e29b-41d4-a716-446655440014', 2, '08:00:00', '09:00:00'),
  ('550e8700-e29b-41d4-b716-446655440024', '550e8600-e29b-41d4-a716-446655440014', 2, '11:00:00', '12:00:00'),
  ('550e8700-e29b-41d4-b716-446655440025', '550e8600-e29b-41d4-a716-446655440014', 3, '14:00:00', '15:00:00'),
  ('550e8700-e29b-41d4-b716-446655440026', '550e8600-e29b-41d4-a716-446655440014', 4, '13:00:00', '14:00:00'),
  ('550e8700-e29b-41d4-b716-446655440027', '550e8600-e29b-41d4-a716-446655440014', 5, '16:00:00', '17:00:00'),
  ('550e8700-e29b-41d4-b716-446655440028', '550e8600-e29b-41d4-a716-446655440014', 6, '08:00:00', '09:00:00'),
  ('550e8700-e29b-41d4-b716-446655440029', '550e8600-e29b-41d4-a716-446655440015', 1, '09:00:00', '10:00:00'),
  ('550e8700-e29b-41d4-b716-446655440030', '550e8600-e29b-41d4-a716-446655440015', 1, '11:00:00', '12:00:00'),
  ('550e8700-e29b-41d4-b716-446655440031', '550e8600-e29b-41d4-a716-446655440015', 1, '13:00:00', '14:00:00'),
  ('550e8700-e29b-41d4-b716-446655440032', '550e8600-e29b-41d4-a716-446655440015', 2, '08:00:00', '09:00:00'),
  ('550e8700-e29b-41d4-b716-446655440033', '550e8600-e29b-41d4-a716-446655440015', 2, '09:00:00', '10:00:00'),
  ('550e8700-e29b-41d4-b716-446655440034', '550e8600-e29b-41d4-a716-446655440015', 3, '14:00:00', '15:00:00'),
  ('550e8700-e29b-41d4-b716-446655440035', '550e8600-e29b-41d4-a716-446655440015', 4, '13:00:00', '14:00:00'),
  ('550e8700-e29b-41d4-b716-446655440036', '550e8600-e29b-41d4-a716-446655440015', 4, '16:00:00', '17:00:00'),
  ('550e8700-e29b-41d4-b716-446655440037', '550e8600-e29b-41d4-a716-446655440015', 6, '08:00:00', '09:00:00'),
  ('550e8700-e29b-41d4-b716-446655440038', '550e8600-e29b-41d4-a716-446655440015', 6, '09:00:00', '10:00:00'),
  ('550f8700-e29b-41d4-b716-446655440039', '550e8600-e29b-41d4-a716-446655440016', 1, '09:00:00', '10:00:00'),
  ('550f8700-e29b-41d4-b716-446655440040', '550e8600-e29b-41d4-a716-446655440016', 1, '11:00:00', '12:00:00'),
  ('55a18700-e29b-41d4-b716-446655440041', '550e8600-e29b-41d4-a716-446655440017', 1, '09:00:00', '10:00:00'),
  ('55a18700-e29b-41d4-b716-446655440042', '550e8600-e29b-41d4-a716-446655440017', 1, '11:00:00', '12:00:00'),
  ('55a18700-e29b-41d4-b716-446655440043', '550e8600-e29b-41d4-a716-446655440017', 1, '13:00:00', '14:00:00'),
  ('55a18700-e29b-41d4-b716-446655440044', '550e8600-e29b-41d4-a716-446655440017', 2, '08:00:00', '09:00:00'),
  ('55a18700-e29b-41d4-b716-446655440045', '550e8600-e29b-41d4-a716-446655440017', 2, '09:00:00', '10:00:00'),
  ('55a18700-e29b-41d4-b716-446655440046', '550e8600-e29b-41d4-a716-446655440017', 3, '08:00:00', '09:00:00'),
  ('55a18700-e29b-41d4-b716-446655440047', '550e8600-e29b-41d4-a716-446655440017', 3, '09:00:00', '10:00:00'),
  ('55a18700-e29b-41d4-b716-446655440048', '550e8600-e29b-41d4-a716-446655440017', 3, '13:00:00', '14:00:00'),
  ('55a18700-e29b-41d4-b716-446655440049', '550e8600-e29b-41d4-a716-446655440017', 4, '13:00:00', '14:00:00'),
  ('55a18700-e29b-41d4-b716-446655440050', '550e8600-e29b-41d4-a716-446655440017', 4, '16:00:00', '17:00:00'),
  ('55a18700-e29b-41d4-b716-446655440051', '550e8600-e29b-41d4-a716-446655440017', 6, '08:00:00', '09:00:00'),
  ('55a18700-e29b-41d4-b716-446655440052', '550e8600-e29b-41d4-a716-446655440017', 6, '09:00:00', '10:00:00'),
  ('55a28700-e29b-41d4-b716-446655440053', '550e8600-e29b-41d4-a716-446655440018', 1, '09:00:00', '10:00:00'),
  ('55a28700-e29b-41d4-b716-446655440054', '550e8600-e29b-41d4-a716-446655440018', 1, '11:00:00', '12:00:00'),
  ('55a28700-e29b-41d4-b716-446655440055', '550e8600-e29b-41d4-a716-446655440018', 2, '09:00:00', '10:00:00'),
  ('55a28700-e29b-41d4-b716-446655440056', '550e8600-e29b-41d4-a716-446655440018', 3, '08:00:00', '09:00:00'),
  ('55a28700-e29b-41d4-b716-446655440057', '550e8600-e29b-41d4-a716-446655440018', 3, '09:00:00', '10:00:00'),
  ('55a28700-e29b-41d4-b716-446655440058', '550e8600-e29b-41d4-a716-446655440018', 3, '13:00:00', '14:00:00'),
  ('55a28700-e29b-41d4-b716-446655440059', '550e8600-e29b-41d4-a716-446655440018', 4, '13:00:00', '14:00:00'),
  ('55a28700-e29b-41d4-b716-446655440060', '550e8600-e29b-41d4-a716-446655440018', 4, '16:00:00', '17:00:00'),
  ('55a28700-e29b-41d4-b716-446655440061', '550e8600-e29b-41d4-a716-446655440018', 5, '08:00:00', '09:00:00'),
  ('55a28700-e29b-41d4-b716-446655440062', '550e8600-e29b-41d4-a716-446655440018', 5, '09:00:00', '10:00:00'),
  ('55a38700-e29b-41d4-b716-446655440063', '550e8600-e29b-41d4-a716-446655440019', 2, '09:00:00', '10:00:00'),
  ('55a38700-e29b-41d4-b716-446655440064', '550e8600-e29b-41d4-a716-446655440019', 3, '08:00:00', '09:00:00'),
  ('55a38700-e29b-41d4-b716-446655440065', '550e8600-e29b-41d4-a716-446655440019', 3, '09:00:00', '10:00:00'),
  ('55a38700-e29b-41d4-b716-446655440066', '550e8600-e29b-41d4-a716-446655440019', 3, '13:00:00', '14:00:00'),
  ('55a38700-e29b-41d4-b716-446655440067', '550e8600-e29b-41d4-a716-446655440019', 4, '13:00:00', '14:00:00'),
  ('55a38700-e29b-41d4-b716-446655440068', '550e8600-e29b-41d4-a716-446655440019', 4, '16:00:00', '17:00:00'),
  ('55a38700-e29b-41d4-b716-446655440069', '550e8600-e29b-41d4-a716-446655440019', 5, '08:00:00', '09:00:00'),
  ('55a38700-e29b-41d4-b716-446655440070', '550e8600-e29b-41d4-a716-446655440019', 5, '09:00:00', '10:00:00'),
  ('55a48700-e29b-41d4-b716-446655440071', '550e8600-e29b-41d4-a716-446655440020', 1, '09:00:00', '10:00:00'),
  ('55a48700-e29b-41d4-b716-446655440072', '550e8600-e29b-41d4-a716-446655440020', 1, '11:00:00', '12:00:00'),
  ('55a48700-e29b-41d4-b716-446655440073', '550e8600-e29b-41d4-a716-446655440020', 1, '13:00:00', '14:00:00'),
  ('55a48700-e29b-41d4-b716-446655440074', '550e8600-e29b-41d4-a716-446655440020', 2, '08:00:00', '09:00:00'),
  ('55a48700-e29b-41d4-b716-446655440075', '550e8600-e29b-41d4-a716-446655440020', 2, '09:00:00', '10:00:00'),
  ('55a48700-e29b-41d4-b716-446655440076', '550e8600-e29b-41d4-a716-446655440020', 3, '08:00:00', '09:00:00'),
  ('55a48700-e29b-41d4-b716-446655440077', '550e8600-e29b-41d4-a716-446655440020', 3, '09:00:00', '10:00:00'),
  ('55a48700-e29b-41d4-b716-446655440078', '550e8600-e29b-41d4-a716-446655440020', 3, '13:00:00', '14:00:00'),
  ('55a48700-e29b-41d4-b716-446655440079', '550e8600-e29b-41d4-a716-446655440020', 4, '13:00:00', '14:00:00'),
  ('55a48700-e29b-41d4-b716-446655440080', '550e8600-e29b-41d4-a716-446655440020', 4, '16:00:00', '17:00:00'),
  ('55a48700-e29b-41d4-b716-446655440081', '550e8600-e29b-41d4-a716-446655440020', 5, '08:00:00', '09:00:00'),
  ('55a48700-e29b-41d4-b716-446655440082', '550e8600-e29b-41d4-a716-446655440020', 5, '09:00:00', '10:00:00'),
  ('550e8700-e29b-41d4-c716-446655440013', '550e8600-e29b-41d4-a716-446655440021', 1, '09:00:00', '10:00:00'),
  ('550e8700-e29b-41d4-c716-446655440014', '550e8600-e29b-41d4-a716-446655440021', 1, '10:00:00', '11:00:00'),
  ('550e8700-e29b-41d4-c716-446655440015', '550e8600-e29b-41d4-a716-446655440021', 2, '08:00:00', '09:00:00'),
  ('550e8700-e29b-41d4-c716-446655440016', '550e8600-e29b-41d4-a716-446655440021', 2, '09:00:00', '10:00:00'),
  ('550e8700-e29b-41d4-c716-446655440017', '550e8600-e29b-41d4-a716-446655440021', 2, '11:00:00', '12:00:00'),
  ('550e8700-e29b-41d4-c716-446655440018', '550e8600-e29b-41d4-a716-446655440021', 3, '14:00:00', '15:00:00'),
  ('550e8700-e29b-41d4-c716-446655440019', '550e8600-e29b-41d4-a716-446655440021', 4, '13:00:00', '14:00:00'),
  ('550e8700-e29b-41d4-c716-446655440020', '550e8600-e29b-41d4-a716-446655440021', 5, '16:00:00', '17:00:00'),
  ('550e8700-e29b-41d4-c716-446655440021', '550e8600-e29b-41d4-a716-446655440023', 4, '16:00:00', '17:00:00'),
  ('550e8700-e29b-41d4-c716-446655440022', '550e8600-e29b-41d4-a716-446655440023', 6, '09:00:00', '10:00:00'),
  ('550e8700-e29b-41d4-c716-446655440023', '550e8600-e29b-41d4-a716-446655440024', 2, '08:00:00', '09:00:00'),
  ('550e8700-e29b-41d4-c716-446655440024', '550e8600-e29b-41d4-a716-446655440024', 2, '11:00:00', '12:00:00'),
  ('550e8700-e29b-41d4-c716-446655440025', '550e8600-e29b-41d4-a716-446655440024', 3, '14:00:00', '15:00:00'),
  ('550e8700-e29b-41d4-c716-446655440026', '550e8600-e29b-41d4-a716-446655440024', 4, '13:00:00', '14:00:00'),
  ('550e8700-e29b-41d4-c716-446655440027', '550e8600-e29b-41d4-a716-446655440024', 5, '16:00:00', '17:00:00'),
  ('550e8700-e29b-41d4-c716-446655440028', '550e8600-e29b-41d4-a716-446655440024', 6, '08:00:00', '09:00:00'),
  ('550e8700-e29b-41d4-c716-446655440029', '550e8600-e29b-41d4-a716-446655440025', 1, '09:00:00', '10:00:00'),
  ('550e8700-e29b-41d4-c716-446655440030', '550e8600-e29b-41d4-a716-446655440025', 1, '11:00:00', '12:00:00'),
  ('550e8700-e29b-41d4-c716-446655440031', '550e8600-e29b-41d4-a716-446655440025', 1, '13:00:00', '14:00:00'),
  ('550e8700-e29b-41d4-c716-446655440032', '550e8600-e29b-41d4-a716-446655440025', 2, '08:00:00', '09:00:00'),
  ('550e8700-e29b-41d4-c716-446655440033', '550e8600-e29b-41d4-a716-446655440025', 2, '09:00:00', '10:00:00'),
  ('550e8700-e29b-41d4-c716-446655440034', '550e8600-e29b-41d4-a716-446655440025', 3, '14:00:00', '15:00:00'),
  ('550e8700-e29b-41d4-c716-446655440035', '550e8600-e29b-41d4-a716-446655440025', 4, '13:00:00', '14:00:00'),
  ('550e8700-e29b-41d4-c716-446655440036', '550e8600-e29b-41d4-a716-446655440025', 4, '16:00:00', '17:00:00'),
  ('550e8700-e29b-41d4-c716-446655440037', '550e8600-e29b-41d4-a716-446655440025', 6, '08:00:00', '09:00:00'),
  ('550e8700-e29b-41d4-c716-446655440038', '550e8600-e29b-41d4-a716-446655440025', 6, '09:00:00', '10:00:00'),
  ('550f8700-e29b-41d4-c716-446655440039', '550e8600-e29b-41d4-a716-446655440026', 1, '09:00:00', '10:00:00'),
  ('550f8700-e29b-41d4-c716-446655440040', '550e8600-e29b-41d4-a716-446655440026', 1, '11:00:00', '12:00:00'),
  ('550f8700-e29b-41d4-c716-446655440041', '550e8600-e29b-41d4-a716-446655440026', 1, '13:00:00', '14:00:00'),
  ('550f8700-e29b-41d4-c716-446655440042', '550e8600-e29b-41d4-a716-446655440026', 2, '08:00:00', '09:00:00'),
  ('550f8700-e29b-41d4-c716-446655440043', '550e8600-e29b-41d4-a716-446655440026', 2, '09:00:00', '10:00:00'),
  ('550f8700-e29b-41d4-c716-446655440044', '550e8600-e29b-41d4-a716-446655440026', 3, '14:00:00', '15:00:00'),
  ('550f8700-e29b-41d4-c716-446655440045', '550e8600-e29b-41d4-a716-446655440026', 4, '13:00:00', '14:00:00'),
  ('550f8700-e29b-41d4-c716-446655440046', '550e8600-e29b-41d4-a716-446655440026', 4, '16:00:00', '17:00:00'),
  ('550f8700-e29b-41d4-c716-446655440047', '550e8600-e29b-41d4-a716-446655440026', 6, '08:00:00', '09:00:00'),
  ('550f8700-e29b-41d4-c716-446655440048', '550e8600-e29b-41d4-a716-446655440026', 6, '09:00:00', '10:00:00'),
  ('55a18700-e29b-41d4-c716-446655440049', '550e8600-e29b-41d4-a716-446655440027', 1, '09:00:00', '10:00:00'),
  ('55a18700-e29b-41d4-c716-446655440050', '550e8600-e29b-41d4-a716-446655440027', 1, '11:00:00', '12:00:00'),
  ('55a18700-e29b-41d4-c716-446655440051', '550e8600-e29b-41d4-a716-446655440027', 1, '13:00:00', '14:00:00'),
  ('55a18700-e29b-41d4-c716-446655440052', '550e8600-e29b-41d4-a716-446655440027', 2, '08:00:00', '09:00:00'),
  ('55a18700-e29b-41d4-c716-446655440053', '550e8600-e29b-41d4-a716-446655440027', 2, '09:00:00', '10:00:00'),
  ('55a18700-e29b-41d4-c716-446655440054', '550e8600-e29b-41d4-a716-446655440027', 3, '08:00:00', '09:00:00'),
  ('55a18700-e29b-41d4-c716-446655440055', '550e8600-e29b-41d4-a716-446655440027', 3, '09:00:00', '10:00:00'),
  ('55a18700-e29b-41d4-c716-446655440056', '550e8600-e29b-41d4-a716-446655440027', 3, '13:00:00', '14:00:00'),
  ('55a18700-e29b-41d4-c716-446655440057', '550e8600-e29b-41d4-a716-446655440027', 4, '13:00:00', '14:00:00'),
  ('55a18700-e29b-41d4-c716-446655440058', '550e8600-e29b-41d4-a716-446655440027', 4, '16:00:00', '17:00:00'),
  ('55a18700-e29b-41d4-c716-446655440059', '550e8600-e29b-41d4-a716-446655440027', 6, '08:00:00', '09:00:00'),
  ('55a18700-e29b-41d4-c716-446655440060', '550e8600-e29b-41d4-a716-446655440027', 6, '09:00:00', '10:00:00'),
  ('55a28700-e29b-41d4-c716-446655440061', '550e8600-e29b-41d4-a716-446655440028', 1, '09:00:00', '10:00:00'),
  ('55a28700-e29b-41d4-c716-446655440062', '550e8600-e29b-41d4-a716-446655440028', 1, '11:00:00', '12:00:00'),
  ('55a28700-e29b-41d4-c716-446655440063', '550e8600-e29b-41d4-a716-446655440028', 1, '13:00:00', '14:00:00'),
  ('55a28700-e29b-41d4-c716-446655440064', '550e8600-e29b-41d4-a716-446655440028', 2, '08:00:00', '09:00:00'),
  ('55a28700-e29b-41d4-c716-446655440065', '550e8600-e29b-41d4-a716-446655440028', 2, '09:00:00', '10:00:00'),
  ('55a28700-e29b-41d4-c716-446655440066', '550e8600-e29b-41d4-a716-446655440028', 3, '08:00:00', '09:00:00'),
  ('55a28700-e29b-41d4-c716-446655440067', '550e8600-e29b-41d4-a716-446655440028', 3, '09:00:00', '10:00:00'),
  ('55a28700-e29b-41d4-c716-446655440068', '550e8600-e29b-41d4-a716-446655440028', 3, '13:00:00', '14:00:00'),
  ('55a28700-e29b-41d4-c716-446655440069', '550e8600-e29b-41d4-a716-446655440028', 4, '13:00:00', '14:00:00'),
  ('55a28700-e29b-41d4-c716-446655440070', '550e8600-e29b-41d4-a716-446655440028', 4, '16:00:00', '17:00:00'),
  ('55a28700-e29b-41d4-c716-446655440071', '550e8600-e29b-41d4-a716-446655440028', 5, '08:00:00', '09:00:00'),
  ('55a28700-e29b-41d4-c716-446655440072', '550e8600-e29b-41d4-a716-446655440028', 5, '09:00:00', '10:00:00'),
  ('55a38700-e29b-41d4-c716-446655440073', '550e8600-e29b-41d4-a716-446655440029', 1, '09:00:00', '10:00:00'),
  ('55a38700-e29b-41d4-c716-446655440074', '550e8600-e29b-41d4-a716-446655440029', 2, '08:00:00', '09:00:00'),
  ('55a38700-e29b-41d4-c716-446655440075', '550e8600-e29b-41d4-a716-446655440029', 2, '09:00:00', '10:00:00'),
  ('55a38700-e29b-41d4-c716-446655440076', '550e8600-e29b-41d4-a716-446655440029', 3, '08:00:00', '09:00:00'),
  ('55a38700-e29b-41d4-c716-446655440077', '550e8600-e29b-41d4-a716-446655440029', 3, '09:00:00', '10:00:00'),
  ('55a38700-e29b-41d4-c716-446655440078', '550e8600-e29b-41d4-a716-446655440029', 3, '13:00:00', '14:00:00'),
  ('55a38700-e29b-41d4-c716-446655440079', '550e8600-e29b-41d4-a716-446655440029', 4, '13:00:00', '14:00:00'),
  ('55a38700-e29b-41d4-c716-446655440080', '550e8600-e29b-41d4-a716-446655440029', 4, '16:00:00', '17:00:00'),
  ('55a38700-e29b-41d4-c716-446655440081', '550e8600-e29b-41d4-a716-446655440029', 5, '08:00:00', '09:00:00'),
  ('55a38700-e29b-41d4-c716-446655440082', '550e8600-e29b-41d4-a716-446655440029', 5, '09:00:00', '10:00:00'),
  ('55a48700-e29b-41d4-c716-446655440083', '550e8600-e29b-41d4-a716-446655440030', 1, '09:00:00', '10:00:00'),
  ('55a48700-e29b-41d4-c716-446655440084', '550e8600-e29b-41d4-a716-446655440030', 1, '11:00:00', '12:00:00'),
  ('55a48700-e29b-41d4-c716-446655440085', '550e8600-e29b-41d4-a716-446655440030', 1, '13:00:00', '14:00:00'),
  ('55a48700-e29b-41d4-c716-446655440086', '550e8600-e29b-41d4-a716-446655440030', 2, '08:00:00', '09:00:00'),
  ('55a48700-e29b-41d4-c716-446655440087', '550e8600-e29b-41d4-a716-446655440030', 2, '09:00:00', '10:00:00'),
  ('55a48700-e29b-41d4-c716-446655440088', '550e8600-e29b-41d4-a716-446655440030', 3, '08:00:00', '09:00:00'),
  ('55a48700-e29b-41d4-c716-446655440089', '550e8600-e29b-41d4-a716-446655440030', 3, '09:00:00', '10:00:00'),
  ('55a48700-e29b-41d4-c716-446655440090', '550e8600-e29b-41d4-a716-446655440030', 3, '13:00:00', '14:00:00'),
  ('55a48700-e29b-41d4-c716-446655440091', '550e8600-e29b-41d4-a716-446655440030', 4, '13:00:00', '14:00:00'),
  ('55a48700-e29b-41d4-c716-446655440092', '550e8600-e29b-41d4-a716-446655440030', 4, '16:00:00', '17:00:00'),
  ('55a48700-e29b-41d4-c716-446655440093', '550e8600-e29b-41d4-a716-446655440030', 5, '08:00:00', '09:00:00'),
  ('55a48700-e29b-41d4-c716-446655440094', '550e8600-e29b-41d4-a716-446655440030', 5, '09:00:00', '10:00:00'),
  ('550e8700-e29b-41d4-d716-446655440001', '550e8600-e29b-41d4-a716-446655440031', 1, '09:00:00', '10:00:00'),
  ('550e8700-e29b-41d4-d716-446655440002', '550e8600-e29b-41d4-a716-446655440031', 1, '10:00:00', '11:00:00'),
  ('550e8700-e29b-41d4-d716-446655440003', '550e8600-e29b-41d4-a716-446655440031', 2, '08:00:00', '09:00:00'),
  ('550e8700-e29b-41d4-d716-446655440004', '550e8600-e29b-41d4-a716-446655440031', 2, '09:00:00', '10:00:00'),
  ('550e8700-e29b-41d4-d716-446655440005', '550e8600-e29b-41d4-a716-446655440031', 2, '11:00:00', '12:00:00'),
  ('550e8700-e29b-41d4-d716-446655440006', '550e8600-e29b-41d4-a716-446655440031', 3, '14:00:00', '15:00:00'),
  ('550e8700-e29b-41d4-d716-446655440007', '550e8600-e29b-41d4-a716-446655440031', 4, '13:00:00', '14:00:00'),
  ('550e8700-e29b-41d4-d716-446655440008', '550e8600-e29b-41d4-a716-446655440031', 5, '16:00:00', '17:00:00'),
  ('550e8700-e29b-41d4-d716-446655440009', '550e8600-e29b-41d4-a716-446655440031', 6, '08:00:00', '09:00:00'),
  ('550e8700-e29b-41d4-d716-446655440010', '550e8600-e29b-41d4-a716-446655440032', 1, '09:00:00', '10:00:00'),
  ('550e8700-e29b-41d4-d716-446655440011', '550e8600-e29b-41d4-a716-446655440032', 1, '11:00:00', '12:00:00'),
  ('550e8700-e29b-41d4-d716-446655440012', '550e8600-e29b-41d4-a716-446655440032', 2, '08:00:00', '09:00:00'),
  ('550e8700-e29b-41d4-d716-446655440013', '550e8600-e29b-41d4-a716-446655440032', 2, '09:00:00', '10:00:00'),
  ('550e8700-e29b-41d4-d716-446655440014', '550e8600-e29b-41d4-a716-446655440032', 3, '14:00:00', '15:00:00'),
  ('550e8700-e29b-41d4-d716-446655440015', '550e8600-e29b-41d4-a716-446655440032', 4, '13:00:00', '14:00:00'),
  ('550e8700-e29b-41d4-d716-446655440016', '550e8600-e29b-41d4-a716-446655440032', 4, '16:00:00', '17:00:00'),
  ('550e8700-e29b-41d4-d716-446655440017', '550e8600-e29b-41d4-a716-446655440032', 6, '08:00:00', '09:00:00'),
  ('550e8700-e29b-41d4-d716-446655440018', '550e8600-e29b-41d4-a716-446655440033', 1, '09:00:00', '10:00:00'),
  ('550e8700-e29b-41d4-d716-446655440019', '550e8600-e29b-41d4-a716-446655440033', 1, '11:00:00', '12:00:00'),
  ('550e8700-e29b-41d4-d716-446655440020', '550e8600-e29b-41d4-a716-446655440033', 4, '14:00:00', '15:00:00'),
  ('550e8700-e29b-41d4-d716-446655440021', '550e8600-e29b-41d4-a716-446655440033', 4, '16:00:00', '17:00:00'),
  ('550e8700-e29b-41d4-d716-446655440022', '550e8600-e29b-41d4-a716-446655440033', 6, '09:00:00', '10:00:00'),
  ('550e8700-e29b-41d4-d716-446655440023', '550e8600-e29b-41d4-a716-446655440034', 2, '08:00:00', '09:00:00'),
  ('550e8700-e29b-41d4-d716-446655440024', '550e8600-e29b-41d4-a716-446655440034', 2, '11:00:00', '12:00:00'),
  ('550e8700-e29b-41d4-d716-446655440025', '550e8600-e29b-41d4-a716-446655440034', 3, '14:00:00', '15:00:00'),
  ('550e8700-e29b-41d4-d716-446655440026', '550e8600-e29b-41d4-a716-446655440034', 4, '13:00:00', '14:00:00'),
  ('550e8700-e29b-41d4-d716-446655440027', '550e8600-e29b-41d4-a716-446655440034', 5, '16:00:00', '17:00:00'),
  ('550e8700-e29b-41d4-d716-446655440028', '550e8600-e29b-41d4-a716-446655440034', 6, '08:00:00', '09:00:00'),
  ('550e8700-e29b-41d4-d716-446655440029', '550e8600-e29b-41d4-a716-446655440035', 1, '09:00:00', '10:00:00'),
  ('550e8700-e29b-41d4-d716-446655440030', '550e8600-e29b-41d4-a716-446655440035', 1, '11:00:00', '12:00:00'),
  ('550e8700-e29b-41d4-d716-446655440031', '550e8600-e29b-41d4-a716-446655440035', 1, '13:00:00', '14:00:00'),
  ('550e8700-e29b-41d4-d716-446655440032', '550e8600-e29b-41d4-a716-446655440035', 2, '08:00:00', '09:00:00'),
  ('550e8700-e29b-41d4-d716-446655440033', '550e8600-e29b-41d4-a716-446655440035', 2, '09:00:00', '10:00:00'),
  ('550e8700-e29b-41d4-d716-446655440034', '550e8600-e29b-41d4-a716-446655440035', 3, '14:00:00', '15:00:00'),
  ('550e8700-e29b-41d4-d716-446655440035', '550e8600-e29b-41d4-a716-446655440035', 4, '13:00:00', '14:00:00'),
  ('550e8700-e29b-41d4-d716-446655440036', '550e8600-e29b-41d4-a716-446655440035', 4, '16:00:00', '17:00:00'),
  ('550e8700-e29b-41d4-d716-446655440037', '550e8600-e29b-41d4-a716-446655440035', 6, '08:00:00', '09:00:00'),
  ('550e8700-e29b-41d4-d716-446655440038', '550e8600-e29b-41d4-a716-446655440035', 6, '09:00:00', '10:00:00'),
  ('550f8700-e29b-41d4-d716-446655440039', '550e8600-e29b-41d4-a716-446655440036', 1, '09:00:00', '10:00:00'),
  ('550f8700-e29b-41d4-d716-446655440040', '550e8600-e29b-41d4-a716-446655440036', 1, '11:00:00', '12:00:00'),
  ('550f8700-e29b-41d4-d716-446655440041', '550e8600-e29b-41d4-a716-446655440036', 1, '13:00:00', '14:00:00'),
  ('550f8700-e29b-41d4-d716-446655440042', '550e8600-e29b-41d4-a716-446655440036', 2, '08:00:00', '09:00:00'),
  ('550f8700-e29b-41d4-d716-446655440043', '550e8600-e29b-41d4-a716-446655440036', 2, '09:00:00', '10:00:00'),
  ('550f8700-e29b-41d4-d716-446655440044', '550e8600-e29b-41d4-a716-446655440036', 3, '14:00:00', '15:00:00'),
  ('550f8700-e29b-41d4-d716-446655440045', '550e8600-e29b-41d4-a716-446655440036', 4, '13:00:00', '14:00:00'),
  ('550f8700-e29b-41d4-d716-446655440046', '550e8600-e29b-41d4-a716-446655440036', 4, '16:00:00', '17:00:00'),
  ('550f8700-e29b-41d4-d716-446655440047', '550e8600-e29b-41d4-a716-446655440036', 6, '08:00:00', '09:00:00'),
  ('550f8700-e29b-41d4-d716-446655440048', '550e8600-e29b-41d4-a716-446655440036', 6, '09:00:00', '10:00:00'),
  ('55a18700-e29b-41d4-d716-446655440049', '550e8600-e29b-41d4-a716-446655440037', 1, '09:00:00', '10:00:00'),
  ('55a18700-e29b-41d4-d716-446655440050', '550e8600-e29b-41d4-a716-446655440037', 1, '11:00:00', '12:00:00'),
  ('55a18700-e29b-41d4-d716-446655440051', '550e8600-e29b-41d4-a716-446655440037', 1, '13:00:00', '14:00:00'),
  ('55a18700-e29b-41d4-d716-446655440052', '550e8600-e29b-41d4-a716-446655440037', 2, '08:00:00', '09:00:00'),
  ('55a18700-e29b-41d4-d716-446655440053', '550e8600-e29b-41d4-a716-446655440037', 2, '09:00:00', '10:00:00'),
  ('55a18700-e29b-41d4-d716-446655440054', '550e8600-e29b-41d4-a716-446655440037', 3, '08:00:00', '09:00:00'),
  ('55a18700-e29b-41d4-d716-446655440055', '550e8600-e29b-41d4-a716-446655440037', 3, '09:00:00', '10:00:00'),
  ('55a18700-e29b-41d4-d716-446655440056', '550e8600-e29b-41d4-a716-446655440037', 3, '13:00:00', '14:00:00'),
  ('55a18700-e29b-41d4-d716-446655440057', '550e8600-e29b-41d4-a716-446655440037', 4, '13:00:00', '14:00:00'),
  ('55a18700-e29b-41d4-d716-446655440058', '550e8600-e29b-41d4-a716-446655440037', 4, '16:00:00', '17:00:00'),
  ('55a18700-e29b-41d4-d716-446655440059', '550e8600-e29b-41d4-a716-446655440037', 6, '08:00:00', '09:00:00'),
  ('55a18700-e29b-41d4-d716-446655440060', '550e8600-e29b-41d4-a716-446655440037', 6, '09:00:00', '10:00:00'),
  ('55a28700-e29b-41d4-d716-446655440061', '550e8600-e29b-41d4-a716-446655440038', 1, '09:00:00', '10:00:00'),
  ('55a28700-e29b-41d4-d716-446655440062', '550e8600-e29b-41d4-a716-446655440038', 1, '11:00:00', '12:00:00'),
  ('55a28700-e29b-41d4-d716-446655440063', '550e8600-e29b-41d4-a716-446655440038', 1, '13:00:00', '14:00:00'),
  ('55a28700-e29b-41d4-d716-446655440064', '550e8600-e29b-41d4-a716-446655440038', 2, '08:00:00', '09:00:00'),
  ('55a28700-e29b-41d4-d716-446655440065', '550e8600-e29b-41d4-a716-446655440038', 2, '09:00:00', '10:00:00'),
  ('55a28700-e29b-41d4-d716-446655440066', '550e8600-e29b-41d4-a716-446655440038', 3, '08:00:00', '09:00:00'),
  ('55a28700-e29b-41d4-d716-446655440067', '550e8600-e29b-41d4-a716-446655440038', 3, '09:00:00', '10:00:00'),
  ('55a28700-e29b-41d4-d716-446655440068', '550e8600-e29b-41d4-a716-446655440038', 3, '13:00:00', '14:00:00'),
  ('55a28700-e29b-41d4-d716-446655440069', '550e8600-e29b-41d4-a716-446655440038', 4, '13:00:00', '14:00:00'),
  ('55a28700-e29b-41d4-d716-446655440070', '550e8600-e29b-41d4-a716-446655440038', 4, '16:00:00', '17:00:00'),
  ('55a28700-e29b-41d4-d716-446655440071', '550e8600-e29b-41d4-a716-446655440038', 5, '08:00:00', '09:00:00'),
  ('55a28700-e29b-41d4-d716-446655440072', '550e8600-e29b-41d4-a716-446655440038', 5, '09:00:00', '10:00:00'),
  ('55a38700-e29b-41d4-d716-446655440073', '550e8600-e29b-41d4-a716-446655440039', 1, '09:00:00', '10:00:00'),
  ('55a38700-e29b-41d4-d716-446655440074', '550e8600-e29b-41d4-a716-446655440039', 2, '08:00:00', '09:00:00'),
  ('55a38700-e29b-41d4-d716-446655440075', '550e8600-e29b-41d4-a716-446655440039', 2, '09:00:00', '10:00:00'),
  ('55a38700-e29b-41d4-d716-446655440076', '550e8600-e29b-41d4-a716-446655440039', 3, '08:00:00', '09:00:00'),
  ('55a38700-e29b-41d4-d716-446655440077', '550e8600-e29b-41d4-a716-446655440039', 3, '09:00:00', '10:00:00'),
  ('55a38700-e29b-41d4-d716-446655440078', '550e8600-e29b-41d4-a716-446655440039', 3, '13:00:00', '14:00:00'),
  ('55a38700-e29b-41d4-d716-446655440079', '550e8600-e29b-41d4-a716-446655440039', 4, '13:00:00', '14:00:00'),
  ('55a38700-e29b-41d4-d716-446655440080', '550e8600-e29b-41d4-a716-446655440039', 4, '16:00:00', '17:00:00'),
  ('55a38700-e29b-41d4-d716-446655440081', '550e8600-e29b-41d4-a716-446655440039', 5, '08:00:00', '09:00:00'),
  ('55a38700-e29b-41d4-d716-446655440082', '550e8600-e29b-41d4-a716-446655440039', 5, '09:00:00', '10:00:00'),
  ('55a48700-e29b-41d4-d716-446655440083', '550e8600-e29b-41d4-a716-446655440040', 1, '09:00:00', '10:00:00'),
  ('55a48700-e29b-41d4-d716-446655440084', '550e8600-e29b-41d4-a716-446655440040', 2, '08:00:00', '09:00:00'),
  ('55a48700-e29b-41d4-d716-446655440085', '550e8600-e29b-41d4-a716-446655440040', 2, '09:00:00', '10:00:00'),
  ('55a48700-e29b-41d4-d716-446655440086', '550e8600-e29b-41d4-a716-446655440040', 3, '08:00:00', '09:00:00'),
  ('55a48700-e29b-41d4-d716-446655440087', '550e8600-e29b-41d4-a716-446655440040', 3, '09:00:00', '10:00:00'),
  ('55a48700-e29b-41d4-d716-446655440088', '550e8600-e29b-41d4-a716-446655440040', 3, '13:00:00', '14:00:00'),
  ('55a48700-e29b-41d4-d716-446655440089', '550e8600-e29b-41d4-a716-446655440040', 4, '13:00:00', '14:00:00'),
  ('55a48700-e29b-41d4-d716-446655440090', '550e8600-e29b-41d4-a716-446655440040', 4, '16:00:00', '17:00:00'),
  ('55a48700-e29b-41d4-d716-446655440091', '550e8600-e29b-41d4-a716-446655440040', 5, '08:00:00', '09:00:00'),
  ('55a48700-e29b-41d4-d716-446655440092', '550e8600-e29b-41d4-a716-446655440040', 5, '09:00:00', '10:00:00'),
  ('550e8700-e29b-41d4-e716-446655440001', '550e8600-e29b-41d4-a716-446655440041', 1, '09:00:00', '10:00:00'),
  ('550e8700-e29b-41d4-e716-446655440002', '550e8600-e29b-41d4-a716-446655440041', 1, '10:00:00', '11:00:00'),
  ('550e8700-e29b-41d4-e716-446655440003', '550e8600-e29b-41d4-a716-446655440041', 2, '08:00:00', '09:00:00'),
  ('550e8700-e29b-41d4-e716-446655440004', '550e8600-e29b-41d4-a716-446655440041', 2, '09:00:00', '10:00:00'),
  ('550e8700-e29b-41d4-e716-446655440005', '550e8600-e29b-41d4-a716-446655440041', 2, '11:00:00', '12:00:00'),
  ('550e8700-e29b-41d4-e716-446655440006', '550e8600-e29b-41d4-a716-446655440041', 3, '14:00:00', '15:00:00'),
  ('550e8700-e29b-41d4-e716-446655440007', '550e8600-e29b-41d4-a716-446655440041', 4, '13:00:00', '14:00:00'),
  ('550e8700-e29b-41d4-e716-446655440008', '550e8600-e29b-41d4-a716-446655440041', 5, '16:00:00', '17:00:00'),
  ('550e8700-e29b-41d4-e716-446655440009', '550e8600-e29b-41d4-a716-446655440041', 6, '08:00:00', '09:00:00'),
  ('550e8700-e29b-41d4-e716-446655440010', '550e8600-e29b-41d4-a716-446655440042', 1, '09:00:00', '10:00:00'),
  ('550e8700-e29b-41d4-e716-446655440011', '550e8600-e29b-41d4-a716-446655440042', 1, '11:00:00', '12:00:00'),
  ('550e8700-e29b-41d4-e716-446655440012', '550e8600-e29b-41d4-a716-446655440042', 2, '08:00:00', '09:00:00'),
  ('550e8700-e29b-41d4-e716-446655440013', '550e8600-e29b-41d4-a716-446655440042', 2, '09:00:00', '10:00:00'),
  ('550e8700-e29b-41d4-e716-446655440014', '550e8600-e29b-41d4-a716-446655440042', 3, '14:00:00', '15:00:00'),
  ('550e8700-e29b-41d4-e716-446655440015', '550e8600-e29b-41d4-a716-446655440042', 4, '13:00:00', '14:00:00'),
  ('550e8700-e29b-41d4-e716-446655440016', '550e8600-e29b-41d4-a716-446655440042', 4, '16:00:00', '17:00:00'),
  ('550e8700-e29b-41d4-e716-446655440017', '550e8600-e29b-41d4-a716-446655440042', 6, '08:00:00', '09:00:00'),
  ('550e8700-e29b-41d4-e716-446655440018', '550e8600-e29b-41d4-a716-446655440043', 1, '09:00:00', '10:00:00'),
  ('550e8700-e29b-41d4-e716-446655440019', '550e8600-e29b-41d4-a716-446655440043', 1, '11:00:00', '12:00:00'),
  ('550e8700-e29b-41d4-e716-446655440020', '550e8600-e29b-41d4-a716-446655440043', 4, '14:00:00', '15:00:00'),
  ('550e8700-e29b-41d4-e716-446655440021', '550e8600-e29b-41d4-a716-446655440043', 4, '16:00:00', '17:00:00'),
  ('550e8700-e29b-41d4-e716-446655440022', '550e8600-e29b-41d4-a716-446655440043', 6, '09:00:00', '10:00:00'),
  ('550e8700-e29b-41d4-e716-446655440023', '550e8600-e29b-41d4-a716-446655440044', 2, '08:00:00', '09:00:00'),
  ('550e8700-e29b-41d4-e716-446655440024', '550e8600-e29b-41d4-a716-446655440044', 2, '11:00:00', '12:00:00'),
  ('550e8700-e29b-41d4-e716-446655440025', '550e8600-e29b-41d4-a716-446655440044', 3, '14:00:00', '15:00:00'),
  ('550e8700-e29b-41d4-e716-446655440026', '550e8600-e29b-41d4-a716-446655440044', 4, '13:00:00', '14:00:00'),
  ('550e8700-e29b-41d4-e716-446655440027', '550e8600-e29b-41d4-a716-446655440044', 5, '16:00:00', '17:00:00'),
  ('550e8700-e29b-41d4-e716-446655440028', '550e8600-e29b-41d4-a716-446655440044', 6, '08:00:00', '09:00:00'),
  ('550e8700-e29b-41d4-e716-446655440029', '550e8600-e29b-41d4-a716-446655440045', 1, '09:00:00', '10:00:00'),
  ('550e8700-e29b-41d4-e716-446655440030', '550e8600-e29b-41d4-a716-446655440045', 1, '11:00:00', '12:00:00'),
  ('550e8700-e29b-41d4-e716-446655440031', '550e8600-e29b-41d4-a716-446655440045', 1, '13:00:00', '14:00:00'),
  ('550e8700-e29b-41d4-e716-446655440032', '550e8600-e29b-41d4-a716-446655440045', 2, '08:00:00', '09:00:00'),
  ('550e8700-e29b-41d4-e716-446655440033', '550e8600-e29b-41d4-a716-446655440045', 2, '09:00:00', '10:00:00'),
  ('550e8700-e29b-41d4-e716-446655440034', '550e8600-e29b-41d4-a716-446655440045', 3, '14:00:00', '15:00:00'),
  ('550e8700-e29b-41d4-e716-446655440035', '550e8600-e29b-41d4-a716-446655440045', 4, '13:00:00', '14:00:00'),
  ('550e8700-e29b-41d4-e716-446655440036', '550e8600-e29b-41d4-a716-446655440045', 4, '16:00:00', '17:00:00'),
  ('550e8700-e29b-41d4-e716-446655440037', '550e8600-e29b-41d4-a716-446655440045', 6, '08:00:00', '09:00:00'),
  ('550e8700-e29b-41d4-e716-446655440038', '550e8600-e29b-41d4-a716-446655440045', 6, '09:00:00', '10:00:00'),
  ('550f8700-e29b-41d4-e716-446655440039', '550e8600-e29b-41d4-a716-446655440046', 6, '08:00:00', '09:00:00'),
  ('550f8700-e29b-41d4-e716-446655440040', '550e8600-e29b-41d4-a716-446655440046', 6, '09:00:00', '10:00:00'),
  ('55a18700-e29b-41d4-e716-446655440041', '550e8600-e29b-41d4-a716-446655440047', 1, '09:00:00', '10:00:00'),
  ('55a18700-e29b-41d4-e716-446655440042', '550e8600-e29b-41d4-a716-446655440047', 1, '11:00:00', '12:00:00'),
  ('55a18700-e29b-41d4-e716-446655440043', '550e8600-e29b-41d4-a716-446655440047', 1, '13:00:00', '14:00:00'),
  ('55a18700-e29b-41d4-e716-446655440044', '550e8600-e29b-41d4-a716-446655440047', 2, '08:00:00', '09:00:00'),
  ('55a18700-e29b-41d4-e716-446655440045', '550e8600-e29b-41d4-a716-446655440047', 2, '09:00:00', '10:00:00'),
  ('55a18700-e29b-41d4-e716-446655440046', '550e8600-e29b-41d4-a716-446655440047', 3, '08:00:00', '09:00:00'),
  ('55a18700-e29b-41d4-e716-446655440047', '550e8600-e29b-41d4-a716-446655440047', 3, '09:00:00', '10:00:00'),
  ('55a18700-e29b-41d4-e716-446655440048', '550e8600-e29b-41d4-a716-446655440047', 3, '13:00:00', '14:00:00'),
  ('55a18700-e29b-41d4-e716-446655440049', '550e8600-e29b-41d4-a716-446655440047', 4, '13:00:00', '14:00:00'),
  ('55a18700-e29b-41d4-e716-446655440050', '550e8600-e29b-41d4-a716-446655440047', 4, '16:00:00', '17:00:00'),
  ('55a18700-e29b-41d4-e716-446655440051', '550e8600-e29b-41d4-a716-446655440047', 6, '08:00:00', '09:00:00'),
  ('55a18700-e29b-41d4-e716-446655440052', '550e8600-e29b-41d4-a716-446655440047', 6, '09:00:00', '10:00:00'),
  ('55a28700-e29b-41d4-e716-446655440061', '550e8600-e29b-41d4-a716-446655440048', 1, '09:00:00', '10:00:00'),
  ('55a28700-e29b-41d4-e716-446655440062', '550e8600-e29b-41d4-a716-446655440048', 1, '11:00:00', '12:00:00'),
  ('55a28700-e29b-41d4-e716-446655440063', '550e8600-e29b-41d4-a716-446655440048', 1, '13:00:00', '14:00:00'),
  ('55a28700-e29b-41d4-e716-446655440064', '550e8600-e29b-41d4-a716-446655440048', 2, '08:00:00', '09:00:00'),
  ('55a28700-e29b-41d4-e716-446655440065', '550e8600-e29b-41d4-a716-446655440048', 2, '09:00:00', '10:00:00'),
  ('55a28700-e29b-41d4-e716-446655440066', '550e8600-e29b-41d4-a716-446655440048', 3, '08:00:00', '09:00:00'),
  ('55a28700-e29b-41d4-e716-446655440067', '550e8600-e29b-41d4-a716-446655440048', 3, '09:00:00', '10:00:00'),
  ('55a28700-e29b-41d4-e716-446655440068', '550e8600-e29b-41d4-a716-446655440048', 3, '13:00:00', '14:00:00'),
  ('55a28700-e29b-41d4-e716-446655440069', '550e8600-e29b-41d4-a716-446655440048', 4, '13:00:00', '14:00:00'),
  ('55a28700-e29b-41d4-e716-446655440070', '550e8600-e29b-41d4-a716-446655440048', 4, '16:00:00', '17:00:00'),
  ('55a28700-e29b-41d4-e716-446655440071', '550e8600-e29b-41d4-a716-446655440048', 5, '08:00:00', '09:00:00'),
  ('55a28700-e29b-41d4-e716-446655440072', '550e8600-e29b-41d4-a716-446655440048', 5, '09:00:00', '10:00:00'),
  ('55a38700-e29b-41d4-e716-446655440081', '550e8600-e29b-41d4-a716-446655440049', 1, '09:00:00', '10:00:00'),
  ('55a38700-e29b-41d4-e716-446655440082', '550e8600-e29b-41d4-a716-446655440049', 2, '08:00:00', '09:00:00'),
  ('55a38700-e29b-41d4-e716-446655440083', '550e8600-e29b-41d4-a716-446655440049', 2, '09:00:00', '10:00:00'),
  ('55a38700-e29b-41d4-e716-446655440084', '550e8600-e29b-41d4-a716-446655440049', 3, '08:00:00', '09:00:00'),
  ('55a38700-e29b-41d4-e716-446655440085', '550e8600-e29b-41d4-a716-446655440049', 3, '09:00:00', '10:00:00'),
  ('55a38700-e29b-41d4-e716-446655440086', '550e8600-e29b-41d4-a716-446655440049', 3, '13:00:00', '14:00:00'),
  ('55a38700-e29b-41d4-e716-446655440087', '550e8600-e29b-41d4-a716-446655440049', 4, '13:00:00', '14:00:00'),
  ('55a38700-e29b-41d4-e716-446655440088', '550e8600-e29b-41d4-a716-446655440049', 4, '16:00:00', '17:00:00'),
  ('55a38700-e29b-41d4-e716-446655440089', '550e8600-e29b-41d4-a716-446655440049', 5, '08:00:00', '09:00:00'),
  ('55a38700-e29b-41d4-e716-446655440090', '550e8600-e29b-41d4-a716-446655440049', 5, '09:00:00', '10:00:00'),
  ('55a48700-e29b-41d4-e716-446655440091', '550e8600-e29b-41d4-a716-446655440050', 1, '09:00:00', '10:00:00'),
  ('55a48700-e29b-41d4-e716-446655440092', '550e8600-e29b-41d4-a716-446655440050', 1, '11:00:00', '12:00:00'),
  ('55a48700-e29b-41d4-e716-446655440093', '550e8600-e29b-41d4-a716-446655440050', 1, '13:00:00', '14:00:00'),
  ('55a48700-e29b-41d4-e716-446655440094', '550e8600-e29b-41d4-a716-446655440050', 2, '08:00:00', '09:00:00'),
  ('55a48700-e29b-41d4-e716-446655440095', '550e8600-e29b-41d4-a716-446655440050', 2, '09:00:00', '10:00:00'),
  ('55a48700-e29b-41d4-e716-446655440096', '550e8600-e29b-41d4-a716-446655440050', 3, '08:00:00', '09:00:00'),
  ('55a48700-e29b-41d4-e716-446655440097', '550e8600-e29b-41d4-a716-446655440050', 3, '09:00:00', '10:00:00'),
  ('55a48700-e29b-41d4-e716-446655440098', '550e8600-e29b-41d4-a716-446655440050', 3, '13:00:00', '14:00:00'),
  ('55a48700-e29b-41d4-e716-446655440099', '550e8600-e29b-41d4-a716-446655440050', 4, '13:00:00', '14:00:00'),
  ('55a48700-e29b-41d4-e716-446655440100', '550e8600-e29b-41d4-a716-446655440050', 4, '16:00:00', '17:00:00'),
  ('55a48700-e29b-41d4-e716-446655440101', '550e8600-e29b-41d4-a716-446655440050', 5, '08:00:00', '09:00:00'),
  ('55a48700-e29b-41d4-e716-446655440102', '550e8600-e29b-41d4-a716-446655440050', 5, '09:00:00', '10:00:00');